[?25l[2K[1G[36m?[39m [1mConfirm deploy to network base-sepolia (84532)?[22m [90m›[39m [90m(y/N)[39m[2K[1G[2K[1G[32m✔[39m [1mConfirm deploy to network base-sepolia (84532)?[22m [90m…[39m yes
[?25h ·------------------------------------|--------------------------------|--------------------------------·
 |  Solc version: 0.8.28              ·  Optimizer enabled: true       ·  Runs: 1                       │
 ·····································|································|·································
 |  Contract Name                     ·  Deployed size (KiB) (change)  ·  Initcode size (KiB) (change)  │
 ·····································|································|·································
 |  AIBehavior                        ·                 0.084 (0.000)  ·                 0.138 (0.000)  │
 ·····································|································|·································
 |  AIEncounters                      ·                10.072 (0.000)  ·                10.341 (0.000)  │
 ·····································|································|·································
 |  AIShips                           ·                 6.803 (0.000)  ·                 6.959 (0.000)  │
 ·····································|································|·································
 |  Arrays                            ·                 0.084 (0.000)  ·                 0.138 (0.000)  │
 ·····································|································|·································
 |  Base64                            ·                 0.084 (0.000)  ·                 0.138 (0.000)  │
 ·····································|································|·································
 |  ByteHasher                        ·                 0.084 (0.000)  ·                 0.138 (0.000)  │
 ·····································|································|·································
 |  CadenceArchCaller                 ·                 0.469 (0.000)  ·                 0.499 (0.000)  │
 ·····································|································|·································
 |  Comparators                       ·                 0.084 (0.000)  ·                 0.138 (0.000)  │
 ·····································|································|·································
 |  DestroyRewardLib                  ·                 0.658 (0.000)  ·                 0.714 (0.000)  │
 ·····································|································|·································
 |  DroneEnergyCores                  ·                 2.778 (0.000)  ·                 3.391 (0.000)  │
 ·····································|································|·································
 |  DroneStorefront                   ·                 0.575 (0.000)  ·                 0.844 (0.000)  │
 ·····································|································|·································
 |  DroneYard                         ·                 6.916 (0.000)  ·                 7.357 (0.000)  │
 ·····································|································|·································
 |  EnumerableSet                     ·                 0.084 (0.000)  ·                 0.138 (0.000)  │
 ·····································|································|·································
 |  ERC721Utils                       ·                 0.084 (0.000)  ·                 0.138 (0.000)  │
 ·····································|································|·································
 |  Fleets                            ·                 7.167 (0.000)  ·                 7.436 (0.000)  │
 ·····································|································|·································
 |  Game                              ·                23.914 (0.000)  ·                24.225 (0.000)  │
 ·····································|································|·································
 |  GameBlobRegistry                  ·                 1.670 (0.000)  ·                 1.996 (0.000)  │
 ·····································|································|·································
 |  GameResults                       ·                 2.854 (0.000)  ·                 3.011 (0.000)  │
 ·····································|································|·································
 |  GenerateNewShip                   ·                 4.710 (0.000)  ·                 4.846 (0.000)  │
 ·····································|································|·································
 |  ImageRenderer                     ·                 4.345 (0.000)  ·                 4.655 (0.000)  │
 ·····································|································|·································
 |  Lobbies                           ·                14.706 (0.000)  ·                15.001 (0.000)  │
 ·····································|································|·································
 |  Maps                              ·                12.945 (0.000)  ·                13.102 (0.000)  │
 ·····································|································|·································
 |  Math                              ·                 0.084 (0.000)  ·                 0.138 (0.000)  │
 ·····································|································|·································
 |  MockLobbiesOrchestratorCheck      ·                 0.298 (0.000)  ·                 0.328 (0.000)  │
 ·····································|································|·································
 |  MockOnchainRandomShipNames        ·                 0.328 (0.000)  ·                 0.358 (0.000)  │
 ·····································|································|·································
 |  MockShipNames                     ·                 0.732 (0.000)  ·                 2.381 (0.000)  │
 ·····································|································|·································
 |  MockTutorialGameResults           ·                 0.414 (0.000)  ·                 0.444 (0.000)  │
 ·····································|································|·································
 |  MockTutorialReentrantGameResults  ·                 0.398 (0.000)  ·                 0.429 (0.000)  │
 ·····································|································|·································
 |  MockTutorialShips                 ·                 5.322 (0.000)  ·                 5.357 (0.000)  │
 ·····································|································|·································
 |  MockWorldID                       ·                 0.425 (0.000)  ·                 0.455 (0.000)  │
 ·····································|································|·································
 |  NodeMap                           ·                 5.236 (0.000)  ·                 5.505 (0.000)  │
 ·····································|································|·································
 |  Panic                             ·                 0.084 (0.000)  ·                 0.138 (0.000)  │
 ·····································|································|·································
 |  PvPMatch                          ·                 4.315 (0.000)  ·                 4.626 (0.000)  │
 ·····································|································|·································
 |  RamResolver                       ·                 2.618 (0.000)  ·                 2.783 (0.000)  │
 ·····································|································|·································
 |  RandomManager                     ·                 0.391 (0.000)  ·                 0.421 (0.000)  │
 ·····································|································|·································
 |  RenderAft                         ·                 2.578 (0.000)  ·                 3.203 (0.000)  │
 ·····································|································|·································
 |  RenderAft0                        ·                15.218 (0.000)  ·                15.248 (0.000)  │
 ·····································|································|·································
 |  RenderAft1                        ·                18.685 (0.000)  ·                18.715 (0.000)  │
 ·····································|································|·································
 |  RenderAft2                        ·                22.802 (0.000)  ·                22.832 (0.000)  │
 ·····································|································|·································
 |  RenderArmor1                      ·                21.965 (0.000)  ·                21.995 (0.000)  │
 ·····································|································|·································
 |  RenderArmor2                      ·                20.070 (0.000)  ·                20.101 (0.000)  │
 ·····································|································|·································
 |  RenderArmor3                      ·                23.910 (0.000)  ·                23.940 (0.000)  │
 ·····································|································|·································
 |  RenderBaseBody                    ·                20.962 (0.000)  ·                20.992 (0.000)  │
 ·····································|································|·································
 |  RenderBody                        ·                 3.456 (0.000)  ·                 4.366 (0.000)  │
 ·····································|································|·································
 |  RenderFore                        ·                 2.857 (0.000)  ·                 3.553 (0.000)  │
 ·····································|································|·································
 |  RenderFore0                       ·                19.370 (0.000)  ·                19.400 (0.000)  │
 ·····································|································|·································
 |  RenderFore1                       ·                21.095 (0.000)  ·                21.125 (0.000)  │
 ·····································|································|·································
 |  RenderFore2                       ·                15.211 (0.000)  ·                15.241 (0.000)  │
 ·····································|································|·································
 |  RenderForePerfect                 ·                18.298 (0.000)  ·                18.328 (0.000)  │
 ·····································|································|·································
 |  RenderMetadata                    ·                 6.500 (0.000)  ·                 6.636 (0.000)  │
 ·····································|································|·································
 |  RenderShield1                     ·                22.476 (0.000)  ·                22.506 (0.000)  │
 ·····································|································|·································
 |  RenderShield2                     ·                19.989 (0.000)  ·                20.020 (0.000)  │
 ·····································|································|·································
 |  RenderShield3                     ·                23.615 (0.000)  ·                23.646 (0.000)  │
 ·····································|································|·································
 |  RenderSpecial                     ·                 2.734 (0.000)  ·                 3.364 (0.000)  │
 ·····································|································|·································
 |  RenderSpecial1                    ·                23.048 (0.000)  ·                23.078 (0.000)  │
 ·····································|································|·································
 |  RenderSpecial2                    ·                14.648 (0.000)  ·                14.679 (0.000)  │
 ·····································|································|·································
 |  RenderSpecial3                    ·                23.650 (0.000)  ·                23.681 (0.000)  │
 ·····································|································|·································
 |  RenderWeapon                      ·                 2.822 (0.000)  ·                 3.520 (0.000)  │
 ·····································|································|·································
 |  RenderWeapon1                     ·                 8.509 (0.000)  ·                 8.539 (0.000)  │
 ·····································|································|·································
 |  RenderWeapon2                     ·                10.174 (0.000)  ·                10.204 (0.000)  │
 ·····································|································|·································
 |  RenderWeapon3                     ·                20.953 (0.000)  ·                20.983 (0.000)  │
 ·····································|································|·································
 |  RenderWeapon4                     ·                16.417 (0.000)  ·                16.447 (0.000)  │
 ·····································|································|·································
 |  SafeCast                          ·                 0.084 (0.000)  ·                 0.138 (0.000)  │
 ·····································|································|·································
 |  ShipAttributes                    ·                12.994 (0.000)  ·                17.196 (0.000)  │
 ·····································|································|·································
 |  ShipPurchaser                     ·                 5.085 (0.000)  ·                 6.130 (0.000)  │
 ·····································|································|·································
 |  Ships                             ·                23.928 (0.000)  ·                25.084 (0.000)  │
 ·····································|································|·································
 |  ShipsRouter                       ·                 7.493 (0.000)  ·                 7.869 (0.000)  │
 ·····································|································|·································
 |  SignedMath                        ·                 0.084 (0.000)  ·                 0.138 (0.000)  │
 ·····································|································|·································
 |  SinglePlayerMatch                 ·                15.829 (0.000)  ·                16.331 (0.000)  │
 ·····································|································|·································
 |  SlotDerivation                    ·                 0.084 (0.000)  ·                 0.138 (0.000)  │
 ·····································|································|·································
 |  SpecialEffectsLib                 ·                 7.582 (0.000)  ·                 7.638 (0.000)  │
 ·····································|································|·································
 |  StorageSlot                       ·                 0.084 (0.000)  ·                 0.138 (0.000)  │
 ·····································|································|·································
 |  Strings                           ·                 0.084 (0.000)  ·                 0.138 (0.000)  │
 ·····································|································|·································
 |  Tournament                        ·                14.702 (0.000)  ·                15.142 (0.000)  │
 ·····································|································|·································
 |  TutorialClaim                     ·                 2.816 (0.000)  ·                 3.079 (0.000)  │
 ·····································|································|·································
 |  UniversalCredits                  ·                 2.745 (0.000)  ·                 3.368 (0.000)  │
 ·------------------------------------|--------------------------------|--------------------------------·
Hardhat Ignition starting for [ DeployModule ]...[2K[1GHardhat Ignition 🚀

Deploying [ DeployModule ]

Batch #1
  Executing DeployModule#AIShips...
  Executing DeployModule#DestroyRewardLib...
  Executing DeployModule#DroneEnergyCores...
  Executing DeployModule#GameResults...
  Executing DeployModule#GenerateNewShip...
  Executing DeployModule#Maps...
  Executing DeployModule#RandomManager...
  Executing DeployModule#RenderAft0...
  Executing DeployModule#RenderAft1...
  Executing DeployModule#RenderAft2...
  Executing DeployModule#RenderArmor1...
  Executing DeployModule#RenderArmor2...
  Executing DeployModule#RenderArmor3...
  Executing DeployModule#RenderBaseBody...
  Executing DeployModule#RenderFore0...
  Executing DeployModule#RenderFore1...
  Executing DeployModule#RenderFore2...
  Executing DeployModule#RenderForePerfect...
  Executing DeployModule#RenderShield1...
  Executing DeployModule#RenderShield2...
  Executing DeployModule#RenderShield3...
  Executing DeployModule#RenderSpecial1...
  Executing DeployModule#RenderSpecial2...
  Executing DeployModule#RenderSpecial3...
  Executing DeployModule#RenderWeapon1...
  Executing DeployModule#RenderWeapon2...
  Executing DeployModule#RenderWeapon3...
  Executing DeployModule#RenderWeapon4...
  Executing DeployModule#SpecialEffectsLib...
  Executing DeployModule#UniversalCredits...

[32A[0JBatch #1
  Executing DeployModule#AIShips...
  Executing DeployModule#DestroyRewardLib...
  Executing DeployModule#DroneEnergyCores...
  Executing DeployModule#GameResults...
  Executing DeployModule#GenerateNewShip...
  Executing DeployModule#Maps...
  Executing DeployModule#RandomManager...
  Executing DeployModule#RenderAft0...
  Executing DeployModule#RenderAft1...
  Executing DeployModule#RenderAft2...
  Executing DeployModule#RenderArmor1...
  Executing DeployModule#RenderArmor2...
  Executing DeployModule#RenderArmor3...
  Executing DeployModule#RenderBaseBody...
  Executing DeployModule#RenderFore0...
  Executing DeployModule#RenderFore1...
  Executing DeployModule#RenderFore2...
  Executing DeployModule#RenderForePerfect...
  Executing DeployModule#RenderShield1...
  Executing DeployModule#RenderShield2...
  Executing DeployModule#RenderShield3...
  Executing DeployModule#RenderSpecial1...
  Executing DeployModule#RenderSpecial2...
  Executing DeployModule#RenderSpecial3...
  Executing DeployModule#RenderWeapon1...
  Executing DeployModule#RenderWeapon2...
  Executing DeployModule#RenderWeapon3...
  Executing DeployModule#RenderWeapon4...
  Executing DeployModule#SpecialEffectsLib...
  Executing DeployModule#UniversalCredits...

[32A[0JBatch #1
  Executing DeployModule#AIShips...
  Executing DeployModule#DestroyRewardLib...
  Executing DeployModule#DroneEnergyCores...
  Executing DeployModule#GameResults...
  Executing DeployModule#GenerateNewShip...
  Executing DeployModule#Maps...
  Executing DeployModule#RandomManager...
  Executing DeployModule#RenderAft0...
  Executing DeployModule#RenderAft1...
  Executing DeployModule#RenderAft2...
  Executing DeployModule#RenderArmor1...
  Executing DeployModule#RenderArmor2...
  Executing DeployModule#RenderArmor3...
  Executing DeployModule#RenderBaseBody...
  Executing DeployModule#RenderFore0...
  Executing DeployModule#RenderFore1...
  Executing DeployModule#RenderFore2...
  Executing DeployModule#RenderForePerfect...
  Executing DeployModule#RenderShield1...
  Executing DeployModule#RenderShield2...
  Executing DeployModule#RenderShield3...
  Executing DeployModule#RenderSpecial1...
  Executing DeployModule#RenderSpecial2...
  Executing DeployModule#RenderSpecial3...
  Executing DeployModule#RenderWeapon1...
  Executing DeployModule#RenderWeapon2...
  Executing DeployModule#RenderWeapon3...
  Executing DeployModule#RenderWeapon4...
  Executing DeployModule#SpecialEffectsLib...
  Executing DeployModule#UniversalCredits...

[32A[0JBatch #1
  Executing DeployModule#AIShips...
  Executing DeployModule#DestroyRewardLib...
  Executing DeployModule#DroneEnergyCores...
  Executing DeployModule#GameResults...
  Executing DeployModule#GenerateNewShip...
  Executing DeployModule#Maps...
  Executing DeployModule#RandomManager...
  Executing DeployModule#RenderAft0...
  Executing DeployModule#RenderAft1...
  Executing DeployModule#RenderAft2...
  Executing DeployModule#RenderArmor1...
  Executing DeployModule#RenderArmor2...
  Executing DeployModule#RenderArmor3...
  Executing DeployModule#RenderBaseBody...
  Executing DeployModule#RenderFore0...
  Executing DeployModule#RenderFore1...
  Executing DeployModule#RenderFore2...
  Executing DeployModule#RenderForePerfect...
  Executing DeployModule#RenderShield1...
  Executing DeployModule#RenderShield2...
  Executing DeployModule#RenderShield3...
  Executing DeployModule#RenderSpecial1...
  Executing DeployModule#RenderSpecial2...
  Executing DeployModule#RenderSpecial3...
  Executing DeployModule#RenderWeapon1...
  Executing DeployModule#RenderWeapon2...
  Executing DeployModule#RenderWeapon3...
  Executing DeployModule#RenderWeapon4...
  Executing DeployModule#SpecialEffectsLib...
  Executing DeployModule#UniversalCredits...

[32A[0JBatch #1
  Executing DeployModule#AIShips...
  Executing DeployModule#DestroyRewardLib...
  Executing DeployModule#DroneEnergyCores...
  Executing DeployModule#GameResults...
  Executing DeployModule#GenerateNewShip...
  Executing DeployModule#Maps...
  Executing DeployModule#RandomManager...
  Executing DeployModule#RenderAft0...
  Executing DeployModule#RenderAft1...
  Executing DeployModule#RenderAft2...
  Executing DeployModule#RenderArmor1...
  Executing DeployModule#RenderArmor2...
  Executing DeployModule#RenderArmor3...
  Executing DeployModule#RenderBaseBody...
  Executing DeployModule#RenderFore0...
  Executing DeployModule#RenderFore1...
  Executing DeployModule#RenderFore2...
  Executing DeployModule#RenderForePerfect...
  Executing DeployModule#RenderShield1...
  Executing DeployModule#RenderShield2...
  Executing DeployModule#RenderShield3...
  Executing DeployModule#RenderSpecial1...
  Executing DeployModule#RenderSpecial2...
  Executing DeployModule#RenderSpecial3...
  Executing DeployModule#RenderWeapon1...
  Executing DeployModule#RenderWeapon2...
  Executing DeployModule#RenderWeapon3...
  Executing DeployModule#RenderWeapon4...
  Executing DeployModule#SpecialEffectsLib...
  Executing DeployModule#UniversalCredits...

[32A[0JBatch #1
  Executing DeployModule#AIShips...
  Executing DeployModule#DestroyRewardLib...
  Executing DeployModule#DroneEnergyCores...
  Executing DeployModule#GameResults...
  Executing DeployModule#GenerateNewShip...
  Executing DeployModule#Maps...
  Executing DeployModule#RandomManager...
  Executing DeployModule#RenderAft0...
  Executing DeployModule#RenderAft1...
  Executing DeployModule#RenderAft2...
  Executing DeployModule#RenderArmor1...
  Executing DeployModule#RenderArmor2...
  Executing DeployModule#RenderArmor3...
  Executing DeployModule#RenderBaseBody...
  Executing DeployModule#RenderFore0...
  Executing DeployModule#RenderFore1...
  Executing DeployModule#RenderFore2...
  Executing DeployModule#RenderForePerfect...
  Executing DeployModule#RenderShield1...
  Executing DeployModule#RenderShield2...
  Executing DeployModule#RenderShield3...
  Executing DeployModule#RenderSpecial1...
  Executing DeployModule#RenderSpecial2...
  Executing DeployModule#RenderSpecial3...
  Executing DeployModule#RenderWeapon1...
  Executing DeployModule#RenderWeapon2...
  Executing DeployModule#RenderWeapon3...
  Executing DeployModule#RenderWeapon4...
  Executing DeployModule#SpecialEffectsLib...
  Executing DeployModule#UniversalCredits...

[32A[0JBatch #1
  Executing DeployModule#AIShips...
  Executing DeployModule#DestroyRewardLib...
  Executing DeployModule#DroneEnergyCores...
  Executing DeployModule#GameResults...
  Executing DeployModule#GenerateNewShip...
  Executing DeployModule#Maps...
  Executing DeployModule#RandomManager...
  Executing DeployModule#RenderAft0...
  Executing DeployModule#RenderAft1...
  Executing DeployModule#RenderAft2...
  Executing DeployModule#RenderArmor1...
  Executing DeployModule#RenderArmor2...
  Executing DeployModule#RenderArmor3...
  Executing DeployModule#RenderBaseBody...
  Executing DeployModule#RenderFore0...
  Executing DeployModule#RenderFore1...
  Executing DeployModule#RenderFore2...
  Executing DeployModule#RenderForePerfect...
  Executing DeployModule#RenderShield1...
  Executing DeployModule#RenderShield2...
  Executing DeployModule#RenderShield3...
  Executing DeployModule#RenderSpecial1...
  Executing DeployModule#RenderSpecial2...
  Executing DeployModule#RenderSpecial3...
  Executing DeployModule#RenderWeapon1...
  Executing DeployModule#RenderWeapon2...
  Executing DeployModule#RenderWeapon3...
  Executing DeployModule#RenderWeapon4...
  Executing DeployModule#SpecialEffectsLib...
  Executing DeployModule#UniversalCredits...

[32A[0JBatch #1
  Executing DeployModule#AIShips...
  Executing DeployModule#DestroyRewardLib...
  Executing DeployModule#DroneEnergyCores...
  Executing DeployModule#GameResults...
  Executing DeployModule#GenerateNewShip...
  Executing DeployModule#Maps...
  Executing DeployModule#RandomManager...
  Executing DeployModule#RenderAft0...
  Executing DeployModule#RenderAft1...
  Executing DeployModule#RenderAft2...
  Executing DeployModule#RenderArmor1...
  Executing DeployModule#RenderArmor2...
  Executing DeployModule#RenderArmor3...
  Executing DeployModule#RenderBaseBody...
  Executing DeployModule#RenderFore0...
  Executing DeployModule#RenderFore1...
  Executing DeployModule#RenderFore2...
  Executing DeployModule#RenderForePerfect...
  Executing DeployModule#RenderShield1...
  Executing DeployModule#RenderShield2...
  Executing DeployModule#RenderShield3...
  Executing DeployModule#RenderSpecial1...
  Executing DeployModule#RenderSpecial2...
  Executing DeployModule#RenderSpecial3...
  Executing DeployModule#RenderWeapon1...
  Executing DeployModule#RenderWeapon2...
  Executing DeployModule#RenderWeapon3...
  Executing DeployModule#RenderWeapon4...
  Executing DeployModule#SpecialEffectsLib...
  Executing DeployModule#UniversalCredits...

[32A[0JBatch #1
  Executing DeployModule#AIShips...
  Executing DeployModule#DestroyRewardLib...
  Executing DeployModule#DroneEnergyCores...
  Executing DeployModule#GameResults...
  Executing DeployModule#GenerateNewShip...
  Executing DeployModule#Maps...
  Executing DeployModule#RandomManager...
  Executing DeployModule#RenderAft0...
  Executing DeployModule#RenderAft1...
  Executing DeployModule#RenderAft2...
  Executing DeployModule#RenderArmor1...
  Executing DeployModule#RenderArmor2...
  Executing DeployModule#RenderArmor3...
  Executing DeployModule#RenderBaseBody...
  Executing DeployModule#RenderFore0...
  Executing DeployModule#RenderFore1...
  Executing DeployModule#RenderFore2...
  Executing DeployModule#RenderForePerfect...
  Executing DeployModule#RenderShield1...
  Executing DeployModule#RenderShield2...
  Executing DeployModule#RenderShield3...
  Executing DeployModule#RenderSpecial1...
  Executing DeployModule#RenderSpecial2...
  Executing DeployModule#RenderSpecial3...
  Executing DeployModule#RenderWeapon1...
  Executing DeployModule#RenderWeapon2...
  Executing DeployModule#RenderWeapon3...
  Executing DeployModule#RenderWeapon4...
  Executing DeployModule#SpecialEffectsLib...
  Executing DeployModule#UniversalCredits...

[32A[0JBatch #1
  Executing DeployModule#AIShips...
  Executing DeployModule#DestroyRewardLib...
  Executing DeployModule#DroneEnergyCores...
  Executing DeployModule#GameResults...
  Executing DeployModule#GenerateNewShip...
  Executing DeployModule#Maps...
  Executing DeployModule#RandomManager...
  Executing DeployModule#RenderAft0...
  Executing DeployModule#RenderAft1...
  Executing DeployModule#RenderAft2...
  Executing DeployModule#RenderArmor1...
  Executing DeployModule#RenderArmor2...
  Executing DeployModule#RenderArmor3...
  Executing DeployModule#RenderBaseBody...
  Executing DeployModule#RenderFore0...
  Executing DeployModule#RenderFore1...
  Executing DeployModule#RenderFore2...
  Executing DeployModule#RenderForePerfect...
  Executing DeployModule#RenderShield1...
  Executing DeployModule#RenderShield2...
  Executing DeployModule#RenderShield3...
  Executing DeployModule#RenderSpecial1...
  Executing DeployModule#RenderSpecial2...
  Executing DeployModule#RenderSpecial3...
  Executing DeployModule#RenderWeapon1...
  Executing DeployModule#RenderWeapon2...
  Executing DeployModule#RenderWeapon3...
  Executing DeployModule#RenderWeapon4...
  Executing DeployModule#SpecialEffectsLib...
  Executing DeployModule#UniversalCredits...

[32A[0JBatch #1
  Executing DeployModule#AIShips...
  Executing DeployModule#DestroyRewardLib...
  Executing DeployModule#DroneEnergyCores...
  Executing DeployModule#GameResults...
  Executing DeployModule#GenerateNewShip...
  Executing DeployModule#Maps...
  Executing DeployModule#RandomManager...
  Executing DeployModule#RenderAft0...
  Executing DeployModule#RenderAft1...
  Executing DeployModule#RenderAft2...
  Executing DeployModule#RenderArmor1...
  Executing DeployModule#RenderArmor2...
  Executing DeployModule#RenderArmor3...
  Executing DeployModule#RenderBaseBody...
  Executing DeployModule#RenderFore0...
  Executing DeployModule#RenderFore1...
  Executing DeployModule#RenderFore2...
  Executing DeployModule#RenderForePerfect...
  Executing DeployModule#RenderShield1...
  Executing DeployModule#RenderShield2...
  Executing DeployModule#RenderShield3...
  Executing DeployModule#RenderSpecial1...
  Executing DeployModule#RenderSpecial2...
  Executing DeployModule#RenderSpecial3...
  Executing DeployModule#RenderWeapon1...
  Executing DeployModule#RenderWeapon2...
  Executing DeployModule#RenderWeapon3...
  Executing DeployModule#RenderWeapon4...
  Executing DeployModule#SpecialEffectsLib...
  Executing DeployModule#UniversalCredits...

[32A[0JBatch #1
  Executing DeployModule#AIShips...
  Executing DeployModule#DestroyRewardLib...
  Executing DeployModule#DroneEnergyCores...
  Executing DeployModule#GameResults...
  Executing DeployModule#GenerateNewShip...
  Executing DeployModule#Maps...
  Executing DeployModule#RandomManager...
  Executing DeployModule#RenderAft0...
  Executing DeployModule#RenderAft1...
  Executing DeployModule#RenderAft2...
  Executing DeployModule#RenderArmor1...
  Executing DeployModule#RenderArmor2...
  Executing DeployModule#RenderArmor3...
  Executing DeployModule#RenderBaseBody...
  Executing DeployModule#RenderFore0...
  Executing DeployModule#RenderFore1...
  Executing DeployModule#RenderFore2...
  Executing DeployModule#RenderForePerfect...
  Executing DeployModule#RenderShield1...
  Executing DeployModule#RenderShield2...
  Executing DeployModule#RenderShield3...
  Executing DeployModule#RenderSpecial1...
  Executing DeployModule#RenderSpecial2...
  Executing DeployModule#RenderSpecial3...
  Executing DeployModule#RenderWeapon1...
  Executing DeployModule#RenderWeapon2...
  Executing DeployModule#RenderWeapon3...
  Executing DeployModule#RenderWeapon4...
  Executing DeployModule#SpecialEffectsLib...
  Executing DeployModule#UniversalCredits...

[32A[0JBatch #1
  Executing DeployModule#AIShips...
  Executing DeployModule#DestroyRewardLib...
  Executing DeployModule#DroneEnergyCores...
  Executing DeployModule#GameResults...
  Executing DeployModule#GenerateNewShip...
  Executing DeployModule#Maps...
  Executing DeployModule#RandomManager...
  Executing DeployModule#RenderAft0...
  Executing DeployModule#RenderAft1...
  Executing DeployModule#RenderAft2...
  Executing DeployModule#RenderArmor1...
  Executing DeployModule#RenderArmor2...
  Executing DeployModule#RenderArmor3...
  Executing DeployModule#RenderBaseBody...
  Executing DeployModule#RenderFore0...
  Executing DeployModule#RenderFore1...
  Executing DeployModule#RenderFore2...
  Executing DeployModule#RenderForePerfect...
  Executing DeployModule#RenderShield1...
  Executing DeployModule#RenderShield2...
  Executing DeployModule#RenderShield3...
  Executing DeployModule#RenderSpecial1...
  Executing DeployModule#RenderSpecial2...
  Executing DeployModule#RenderSpecial3...
  Executing DeployModule#RenderWeapon1...
  Executing DeployModule#RenderWeapon2...
  Executing DeployModule#RenderWeapon3...
  Executing DeployModule#RenderWeapon4...
  Executing DeployModule#SpecialEffectsLib...
  Executing DeployModule#UniversalCredits...

[32A[0JBatch #1
  Executing DeployModule#AIShips...
  Executing DeployModule#DestroyRewardLib...
  Executing DeployModule#DroneEnergyCores...
  Executing DeployModule#GameResults...
  Executing DeployModule#GenerateNewShip...
  Executing DeployModule#Maps...
  Executing DeployModule#RandomManager...
  Executing DeployModule#RenderAft0...
  Executing DeployModule#RenderAft1...
  Executing DeployModule#RenderAft2...
  Executing DeployModule#RenderArmor1...
  Executing DeployModule#RenderArmor2...
  Executing DeployModule#RenderArmor3...
  Executing DeployModule#RenderBaseBody...
  Executing DeployModule#RenderFore0...
  Executing DeployModule#RenderFore1...
  Executing DeployModule#RenderFore2...
  Executing DeployModule#RenderForePerfect...
  Executing DeployModule#RenderShield1...
  Executing DeployModule#RenderShield2...
  Executing DeployModule#RenderShield3...
  Executing DeployModule#RenderSpecial1...
  Executing DeployModule#RenderSpecial2...
  Executing DeployModule#RenderSpecial3...
  Executing DeployModule#RenderWeapon1...
  Executing DeployModule#RenderWeapon2...
  Executing DeployModule#RenderWeapon3...
  Executing DeployModule#RenderWeapon4...
  Executing DeployModule#SpecialEffectsLib...
  Executing DeployModule#UniversalCredits...

[32A[0JBatch #1
  Executing DeployModule#AIShips...
  Executing DeployModule#DestroyRewardLib...
  Executing DeployModule#DroneEnergyCores...
  Executing DeployModule#GameResults...
  Executing DeployModule#GenerateNewShip...
  Executing DeployModule#Maps...
  Executing DeployModule#RandomManager...
  Executing DeployModule#RenderAft0...
  Executing DeployModule#RenderAft1...
  Executing DeployModule#RenderAft2...
  Executing DeployModule#RenderArmor1...
  Executing DeployModule#RenderArmor2...
  Executing DeployModule#RenderArmor3...
  Executing DeployModule#RenderBaseBody...
  Executing DeployModule#RenderFore0...
  Executing DeployModule#RenderFore1...
  Executing DeployModule#RenderFore2...
  Executing DeployModule#RenderForePerfect...
  Executing DeployModule#RenderShield1...
  Executing DeployModule#RenderShield2...
  Executing DeployModule#RenderShield3...
  Executing DeployModule#RenderSpecial1...
  Executing DeployModule#RenderSpecial2...
  Executing DeployModule#RenderSpecial3...
  Executing DeployModule#RenderWeapon1...
  Executing DeployModule#RenderWeapon2...
  Executing DeployModule#RenderWeapon3...
  Executing DeployModule#RenderWeapon4...
  Executing DeployModule#SpecialEffectsLib...
  Executing DeployModule#UniversalCredits...

[32A[0JBatch #1
  Executing DeployModule#AIShips...
  Executing DeployModule#DestroyRewardLib...
  Executing DeployModule#DroneEnergyCores...
  Executing DeployModule#GameResults...
  Executing DeployModule#GenerateNewShip...
  Executing DeployModule#Maps...
  Executing DeployModule#RandomManager...
  Executing DeployModule#RenderAft0...
  Executing DeployModule#RenderAft1...
  Executing DeployModule#RenderAft2...
  Executing DeployModule#RenderArmor1...
  Executing DeployModule#RenderArmor2...
  Executing DeployModule#RenderArmor3...
  Executing DeployModule#RenderBaseBody...
  Executing DeployModule#RenderFore0...
  Executing DeployModule#RenderFore1...
  Executing DeployModule#RenderFore2...
  Executing DeployModule#RenderForePerfect...
  Executing DeployModule#RenderShield1...
  Executing DeployModule#RenderShield2...
  Executing DeployModule#RenderShield3...
  Executing DeployModule#RenderSpecial1...
  Executing DeployModule#RenderSpecial2...
  Executing DeployModule#RenderSpecial3...
  Executing DeployModule#RenderWeapon1...
  Executing DeployModule#RenderWeapon2...
  Executing DeployModule#RenderWeapon3...
  Executing DeployModule#RenderWeapon4...
  Executing DeployModule#SpecialEffectsLib...
  Executing DeployModule#UniversalCredits...

[32A[0JBatch #1
  Executing DeployModule#AIShips...
  Executing DeployModule#DestroyRewardLib...
  Executing DeployModule#DroneEnergyCores...
  Executing DeployModule#GameResults...
  Executing DeployModule#GenerateNewShip...
  Executing DeployModule#Maps...
  Executing DeployModule#RandomManager...
  Executing DeployModule#RenderAft0...
  Executing DeployModule#RenderAft1...
  Executing DeployModule#RenderAft2...
  Executing DeployModule#RenderArmor1...
  Executing DeployModule#RenderArmor2...
  Executing DeployModule#RenderArmor3...
  Executing DeployModule#RenderBaseBody...
  Executing DeployModule#RenderFore0...
  Executing DeployModule#RenderFore1...
  Executing DeployModule#RenderFore2...
  Executing DeployModule#RenderForePerfect...
  Executing DeployModule#RenderShield1...
  Executing DeployModule#RenderShield2...
  Executing DeployModule#RenderShield3...
  Executing DeployModule#RenderSpecial1...
  Executing DeployModule#RenderSpecial2...
  Executing DeployModule#RenderSpecial3...
  Executing DeployModule#RenderWeapon1...
  Executing DeployModule#RenderWeapon2...
  Executing DeployModule#RenderWeapon3...
  Executing DeployModule#RenderWeapon4...
  Executing DeployModule#SpecialEffectsLib...
  Executing DeployModule#UniversalCredits...

[32A[0JBatch #1
  Executing DeployModule#AIShips...
  Executing DeployModule#DestroyRewardLib...
  Executing DeployModule#DroneEnergyCores...
  Executing DeployModule#GameResults...
  Executing DeployModule#GenerateNewShip...
  Executing DeployModule#Maps...
  Executing DeployModule#RandomManager...
  Executing DeployModule#RenderAft0...
  Executing DeployModule#RenderAft1...
  Executing DeployModule#RenderAft2...
  Executing DeployModule#RenderArmor1...
  Executing DeployModule#RenderArmor2...
  Executing DeployModule#RenderArmor3...
  Executing DeployModule#RenderBaseBody...
  Executing DeployModule#RenderFore0...
  Executing DeployModule#RenderFore1...
  Executing DeployModule#RenderFore2...
  Executing DeployModule#RenderForePerfect...
  Executing DeployModule#RenderShield1...
  Executing DeployModule#RenderShield2...
  Executing DeployModule#RenderShield3...
  Executing DeployModule#RenderSpecial1...
  Executing DeployModule#RenderSpecial2...
  Executing DeployModule#RenderSpecial3...
  Executing DeployModule#RenderWeapon1...
  Executing DeployModule#RenderWeapon2...
  Executing DeployModule#RenderWeapon3...
  Executing DeployModule#RenderWeapon4...
  Executing DeployModule#SpecialEffectsLib...
  Executing DeployModule#UniversalCredits...

[32A[0JBatch #1
  Executing DeployModule#AIShips...
  Executing DeployModule#DestroyRewardLib...
  Executing DeployModule#DroneEnergyCores...
  Executing DeployModule#GameResults...
  Executing DeployModule#GenerateNewShip...
  Executing DeployModule#Maps...
  Executing DeployModule#RandomManager...
  Executing DeployModule#RenderAft0...
  Executing DeployModule#RenderAft1...
  Executing DeployModule#RenderAft2...
  Executing DeployModule#RenderArmor1...
  Executing DeployModule#RenderArmor2...
  Executing DeployModule#RenderArmor3...
  Executing DeployModule#RenderBaseBody...
  Executing DeployModule#RenderFore0...
  Executing DeployModule#RenderFore1...
  Executing DeployModule#RenderFore2...
  Executing DeployModule#RenderForePerfect...
  Executing DeployModule#RenderShield1...
  Executing DeployModule#RenderShield2...
  Executing DeployModule#RenderShield3...
  Executing DeployModule#RenderSpecial1...
  Executing DeployModule#RenderSpecial2...
  Executing DeployModule#RenderSpecial3...
  Executing DeployModule#RenderWeapon1...
  Executing DeployModule#RenderWeapon2...
  Executing DeployModule#RenderWeapon3...
  Executing DeployModule#RenderWeapon4...
  Executing DeployModule#SpecialEffectsLib...
  Executing DeployModule#UniversalCredits...

[32A[0JBatch #1
  Executing DeployModule#AIShips...
  Executing DeployModule#DestroyRewardLib...
  Executing DeployModule#DroneEnergyCores...
  Executing DeployModule#GameResults...
  Executing DeployModule#GenerateNewShip...
  Executing DeployModule#Maps...
  Executing DeployModule#RandomManager...
  Executing DeployModule#RenderAft0...
  Executing DeployModule#RenderAft1...
  Executing DeployModule#RenderAft2...
  Executing DeployModule#RenderArmor1...
  Executing DeployModule#RenderArmor2...
  Executing DeployModule#RenderArmor3...
  Executing DeployModule#RenderBaseBody...
  Executing DeployModule#RenderFore0...
  Executing DeployModule#RenderFore1...
  Executing DeployModule#RenderFore2...
  Executing DeployModule#RenderForePerfect...
  Executing DeployModule#RenderShield1...
  Executing DeployModule#RenderShield2...
  Executing DeployModule#RenderShield3...
  Executing DeployModule#RenderSpecial1...
  Executing DeployModule#RenderSpecial2...
  Executing DeployModule#RenderSpecial3...
  Executing DeployModule#RenderWeapon1...
  Executing DeployModule#RenderWeapon2...
  Executing DeployModule#RenderWeapon3...
  Executing DeployModule#RenderWeapon4...
  Executing DeployModule#SpecialEffectsLib...
  Executing DeployModule#UniversalCredits...

[32A[0JBatch #1
  Executing DeployModule#AIShips...
  Executing DeployModule#DestroyRewardLib...
  Executing DeployModule#DroneEnergyCores...
  Executing DeployModule#GameResults...
  Executing DeployModule#GenerateNewShip...
  Executing DeployModule#Maps...
  Executing DeployModule#RandomManager...
  Executing DeployModule#RenderAft0...
  Executing DeployModule#RenderAft1...
  Executing DeployModule#RenderAft2...
  Executing DeployModule#RenderArmor1...
  Executing DeployModule#RenderArmor2...
  Executing DeployModule#RenderArmor3...
  Executing DeployModule#RenderBaseBody...
  Executing DeployModule#RenderFore0...
  Executing DeployModule#RenderFore1...
  Executing DeployModule#RenderFore2...
  Executing DeployModule#RenderForePerfect...
  Executing DeployModule#RenderShield1...
  Executing DeployModule#RenderShield2...
  Executing DeployModule#RenderShield3...
  Executing DeployModule#RenderSpecial1...
  Executing DeployModule#RenderSpecial2...
  Executing DeployModule#RenderSpecial3...
  Executing DeployModule#RenderWeapon1...
  Executing DeployModule#RenderWeapon2...
  Executing DeployModule#RenderWeapon3...
  Executing DeployModule#RenderWeapon4...
  Executing DeployModule#SpecialEffectsLib...
  Executing DeployModule#UniversalCredits...

[32A[0JBatch #1
  Executing DeployModule#AIShips...
  Executing DeployModule#DestroyRewardLib...
  Executing DeployModule#DroneEnergyCores...
  Executing DeployModule#GameResults...
  Executing DeployModule#GenerateNewShip...
  Executing DeployModule#Maps...
  Executing DeployModule#RandomManager...
  Executing DeployModule#RenderAft0...
  Executing DeployModule#RenderAft1...
  Executing DeployModule#RenderAft2...
  Executing DeployModule#RenderArmor1...
  Executing DeployModule#RenderArmor2...
  Executing DeployModule#RenderArmor3...
  Executing DeployModule#RenderBaseBody...
  Executing DeployModule#RenderFore0...
  Executing DeployModule#RenderFore1...
  Executing DeployModule#RenderFore2...
  Executing DeployModule#RenderForePerfect...
  Executing DeployModule#RenderShield1...
  Executing DeployModule#RenderShield2...
  Executing DeployModule#RenderShield3...
  Executing DeployModule#RenderSpecial1...
  Executing DeployModule#RenderSpecial2...
  Executing DeployModule#RenderSpecial3...
  Executing DeployModule#RenderWeapon1...
  Executing DeployModule#RenderWeapon2...
  Executing DeployModule#RenderWeapon3...
  Executing DeployModule#RenderWeapon4...
  Executing DeployModule#SpecialEffectsLib...
  Executing DeployModule#UniversalCredits...

[32A[0JBatch #1
  Executing DeployModule#AIShips...
  Executing DeployModule#DestroyRewardLib...
  Executing DeployModule#DroneEnergyCores...
  Executing DeployModule#GameResults...
  Executing DeployModule#GenerateNewShip...
  Executing DeployModule#Maps...
  Executing DeployModule#RandomManager...
  Executing DeployModule#RenderAft0...
  Executing DeployModule#RenderAft1...
  Executing DeployModule#RenderAft2...
  Executing DeployModule#RenderArmor1...
  Executing DeployModule#RenderArmor2...
  Executing DeployModule#RenderArmor3...
  Executing DeployModule#RenderBaseBody...
  Executing DeployModule#RenderFore0...
  Executing DeployModule#RenderFore1...
  Executing DeployModule#RenderFore2...
  Executing DeployModule#RenderForePerfect...
  Executing DeployModule#RenderShield1...
  Executing DeployModule#RenderShield2...
  Executing DeployModule#RenderShield3...
  Executing DeployModule#RenderSpecial1...
  Executing DeployModule#RenderSpecial2...
  Executing DeployModule#RenderSpecial3...
  Executing DeployModule#RenderWeapon1...
  Executing DeployModule#RenderWeapon2...
  Executing DeployModule#RenderWeapon3...
  Executing DeployModule#RenderWeapon4...
  Executing DeployModule#SpecialEffectsLib...
  Executing DeployModule#UniversalCredits...

[32A[0JBatch #1
  Executing DeployModule#AIShips...
  Executing DeployModule#DestroyRewardLib...
  Executing DeployModule#DroneEnergyCores...
  Executing DeployModule#GameResults...
  Executing DeployModule#GenerateNewShip...
  Executing DeployModule#Maps...
  Executing DeployModule#RandomManager...
  Executing DeployModule#RenderAft0...
  Executing DeployModule#RenderAft1...
  Executing DeployModule#RenderAft2...
  Executing DeployModule#RenderArmor1...
  Executing DeployModule#RenderArmor2...
  Executing DeployModule#RenderArmor3...
  Executing DeployModule#RenderBaseBody...
  Executing DeployModule#RenderFore0...
  Executing DeployModule#RenderFore1...
  Executing DeployModule#RenderFore2...
  Executing DeployModule#RenderForePerfect...
  Executing DeployModule#RenderShield1...
  Executing DeployModule#RenderShield2...
  Executing DeployModule#RenderShield3...
  Executing DeployModule#RenderSpecial1...
  Executing DeployModule#RenderSpecial2...
  Executing DeployModule#RenderSpecial3...
  Executing DeployModule#RenderWeapon1...
  Executing DeployModule#RenderWeapon2...
  Executing DeployModule#RenderWeapon3...
  Executing DeployModule#RenderWeapon4...
  Executing DeployModule#SpecialEffectsLib...
  Executing DeployModule#UniversalCredits...

[32A[0JBatch #1
  Executing DeployModule#AIShips...
  Executing DeployModule#DestroyRewardLib...
  Executing DeployModule#DroneEnergyCores...
  Executing DeployModule#GameResults...
  Executing DeployModule#GenerateNewShip...
  Executing DeployModule#Maps...
  Executing DeployModule#RandomManager...
  Executing DeployModule#RenderAft0...
  Executing DeployModule#RenderAft1...
  Executing DeployModule#RenderAft2...
  Executing DeployModule#RenderArmor1...
  Executing DeployModule#RenderArmor2...
  Executing DeployModule#RenderArmor3...
  Executing DeployModule#RenderBaseBody...
  Executing DeployModule#RenderFore0...
  Executing DeployModule#RenderFore1...
  Executing DeployModule#RenderFore2...
  Executing DeployModule#RenderForePerfect...
  Executing DeployModule#RenderShield1...
  Executing DeployModule#RenderShield2...
  Executing DeployModule#RenderShield3...
  Executing DeployModule#RenderSpecial1...
  Executing DeployModule#RenderSpecial2...
  Executing DeployModule#RenderSpecial3...
  Executing DeployModule#RenderWeapon1...
  Executing DeployModule#RenderWeapon2...
  Executing DeployModule#RenderWeapon3...
  Executing DeployModule#RenderWeapon4...
  Executing DeployModule#SpecialEffectsLib...
  Executing DeployModule#UniversalCredits...

[32A[0JBatch #1
  Executing DeployModule#AIShips...
  Executing DeployModule#DestroyRewardLib...
  Executing DeployModule#DroneEnergyCores...
  Executing DeployModule#GameResults...
  Executing DeployModule#GenerateNewShip...
  Executing DeployModule#Maps...
  Executing DeployModule#RandomManager...
  Executing DeployModule#RenderAft0...
  Executing DeployModule#RenderAft1...
  Executing DeployModule#RenderAft2...
  Executing DeployModule#RenderArmor1...
  Executing DeployModule#RenderArmor2...
  Executing DeployModule#RenderArmor3...
  Executing DeployModule#RenderBaseBody...
  Executing DeployModule#RenderFore0...
  Executing DeployModule#RenderFore1...
  Executing DeployModule#RenderFore2...
  Executing DeployModule#RenderForePerfect...
  Executing DeployModule#RenderShield1...
  Executing DeployModule#RenderShield2...
  Executing DeployModule#RenderShield3...
  Executing DeployModule#RenderSpecial1...
  Executing DeployModule#RenderSpecial2...
  Executing DeployModule#RenderSpecial3...
  Executing DeployModule#RenderWeapon1...
  Executing DeployModule#RenderWeapon2...
  Executing DeployModule#RenderWeapon3...
  Executing DeployModule#RenderWeapon4...
  Executing DeployModule#SpecialEffectsLib...
  Executing DeployModule#UniversalCredits...

[32A[0JBatch #1
  Executing DeployModule#AIShips...
  Executing DeployModule#DestroyRewardLib...
  Executing DeployModule#DroneEnergyCores...
  Executing DeployModule#GameResults...
  Executing DeployModule#GenerateNewShip...
  Executing DeployModule#Maps...
  Executing DeployModule#RandomManager...
  Executing DeployModule#RenderAft0...
  Executing DeployModule#RenderAft1...
  Executing DeployModule#RenderAft2...
  Executing DeployModule#RenderArmor1...
  Executing DeployModule#RenderArmor2...
  Executing DeployModule#RenderArmor3...
  Executing DeployModule#RenderBaseBody...
  Executing DeployModule#RenderFore0...
  Executing DeployModule#RenderFore1...
  Executing DeployModule#RenderFore2...
  Executing DeployModule#RenderForePerfect...
  Executing DeployModule#RenderShield1...
  Executing DeployModule#RenderShield2...
  Executing DeployModule#RenderShield3...
  Executing DeployModule#RenderSpecial1...
  Executing DeployModule#RenderSpecial2...
  Executing DeployModule#RenderSpecial3...
  Executing DeployModule#RenderWeapon1...
  Executing DeployModule#RenderWeapon2...
  Executing DeployModule#RenderWeapon3...
  Executing DeployModule#RenderWeapon4...
  Executing DeployModule#SpecialEffectsLib...
  Executing DeployModule#UniversalCredits...

[32A[0JBatch #1
  Executing DeployModule#AIShips...
  Executing DeployModule#DestroyRewardLib...
  Executing DeployModule#DroneEnergyCores...
  Executing DeployModule#GameResults...
  Executing DeployModule#GenerateNewShip...
  Executing DeployModule#Maps...
  Executing DeployModule#RandomManager...
  Executing DeployModule#RenderAft0...
  Executing DeployModule#RenderAft1...
  Executing DeployModule#RenderAft2...
  Executing DeployModule#RenderArmor1...
  Executing DeployModule#RenderArmor2...
  Executing DeployModule#RenderArmor3...
  Executing DeployModule#RenderBaseBody...
  Executing DeployModule#RenderFore0...
  Executing DeployModule#RenderFore1...
  Executing DeployModule#RenderFore2...
  Executing DeployModule#RenderForePerfect...
  Executing DeployModule#RenderShield1...
  Executing DeployModule#RenderShield2...
  Executing DeployModule#RenderShield3...
  Executing DeployModule#RenderSpecial1...
  Executing DeployModule#RenderSpecial2...
  Executing DeployModule#RenderSpecial3...
  Executing DeployModule#RenderWeapon1...
  Executing DeployModule#RenderWeapon2...
  Executing DeployModule#RenderWeapon3...
  Executing DeployModule#RenderWeapon4...
  Executing DeployModule#SpecialEffectsLib...
  Executing DeployModule#UniversalCredits...

[32A[0JBatch #1
  Executing DeployModule#AIShips...
  Executing DeployModule#DestroyRewardLib...
  Executing DeployModule#DroneEnergyCores...
  Executing DeployModule#GameResults...
  Executing DeployModule#GenerateNewShip...
  Executing DeployModule#Maps...
  Executing DeployModule#RandomManager...
  Executing DeployModule#RenderAft0...
  Executing DeployModule#RenderAft1...
  Executing DeployModule#RenderAft2...
  Executing DeployModule#RenderArmor1...
  Executing DeployModule#RenderArmor2...
  Executing DeployModule#RenderArmor3...
  Executing DeployModule#RenderBaseBody...
  Executing DeployModule#RenderFore0...
  Executing DeployModule#RenderFore1...
  Executing DeployModule#RenderFore2...
  Executing DeployModule#RenderForePerfect...
  Executing DeployModule#RenderShield1...
  Executing DeployModule#RenderShield2...
  Executing DeployModule#RenderShield3...
  Executing DeployModule#RenderSpecial1...
  Executing DeployModule#RenderSpecial2...
  Executing DeployModule#RenderSpecial3...
  Executing DeployModule#RenderWeapon1...
  Executing DeployModule#RenderWeapon2...
  Executing DeployModule#RenderWeapon3...
  Executing DeployModule#RenderWeapon4...
  Executing DeployModule#SpecialEffectsLib...
  Executing DeployModule#UniversalCredits...

[32A[0JBatch #1
  Executing DeployModule#AIShips...
  Executing DeployModule#DestroyRewardLib...
  Executing DeployModule#DroneEnergyCores...
  Executing DeployModule#GameResults...
  Executing DeployModule#GenerateNewShip...
  Executing DeployModule#Maps...
  Executing DeployModule#RandomManager...
  Executing DeployModule#RenderAft0...
  Executing DeployModule#RenderAft1...
  Executing DeployModule#RenderAft2...
  Executing DeployModule#RenderArmor1...
  Executing DeployModule#RenderArmor2...
  Executing DeployModule#RenderArmor3...
  Executing DeployModule#RenderBaseBody...
  Executing DeployModule#RenderFore0...
  Executing DeployModule#RenderFore1...
  Executing DeployModule#RenderFore2...
  Executing DeployModule#RenderForePerfect...
  Executing DeployModule#RenderShield1...
  Executing DeployModule#RenderShield2...
  Executing DeployModule#RenderShield3...
  Executing DeployModule#RenderSpecial1...
  Executing DeployModule#RenderSpecial2...
  Executing DeployModule#RenderSpecial3...
  Executing DeployModule#RenderWeapon1...
  Executing DeployModule#RenderWeapon2...
  Executing DeployModule#RenderWeapon3...
  Executing DeployModule#RenderWeapon4...
  Executing DeployModule#SpecialEffectsLib...
  Executing DeployModule#UniversalCredits...

[32A[0JBatch #1
  Executing DeployModule#AIShips...
  Executing DeployModule#DestroyRewardLib...
  Executing DeployModule#DroneEnergyCores...
  Executing DeployModule#GameResults...
  Executing DeployModule#GenerateNewShip...
  Executing DeployModule#Maps...
  Executing DeployModule#RandomManager...
  Executing DeployModule#RenderAft0...
  Executing DeployModule#RenderAft1...
  Executing DeployModule#RenderAft2...
  Executing DeployModule#RenderArmor1...
  Executing DeployModule#RenderArmor2...
  Executing DeployModule#RenderArmor3...
  Executing DeployModule#RenderBaseBody...
  Executing DeployModule#RenderFore0...
  Executing DeployModule#RenderFore1...
  Executing DeployModule#RenderFore2...
  Executing DeployModule#RenderForePerfect...
  Executing DeployModule#RenderShield1...
  Executing DeployModule#RenderShield2...
  Executing DeployModule#RenderShield3...
  Executing DeployModule#RenderSpecial1...
  Executing DeployModule#RenderSpecial2...
  Executing DeployModule#RenderSpecial3...
  Executing DeployModule#RenderWeapon1...
  Executing DeployModule#RenderWeapon2...
  Executing DeployModule#RenderWeapon3...
  Executing DeployModule#RenderWeapon4...
  Executing DeployModule#SpecialEffectsLib...
  Executing DeployModule#UniversalCredits...

[32A[0JBatch #1
  Executed DeployModule#AIShips
  Executing DeployModule#DestroyRewardLib...
  Executing DeployModule#DroneEnergyCores...
  Executing DeployModule#GameResults...
  Executing DeployModule#GenerateNewShip...
  Executing DeployModule#Maps...
  Executing DeployModule#RandomManager...
  Executing DeployModule#RenderAft0...
  Executing DeployModule#RenderAft1...
  Executing DeployModule#RenderAft2...
  Executing DeployModule#RenderArmor1...
  Executing DeployModule#RenderArmor2...
  Executing DeployModule#RenderArmor3...
  Executing DeployModule#RenderBaseBody...
  Executing DeployModule#RenderFore0...
  Executing DeployModule#RenderFore1...
  Executing DeployModule#RenderFore2...
  Executing DeployModule#RenderForePerfect...
  Executing DeployModule#RenderShield1...
  Executing DeployModule#RenderShield2...
  Executing DeployModule#RenderShield3...
  Executing DeployModule#RenderSpecial1...
  Executing DeployModule#RenderSpecial2...
  Executing DeployModule#RenderSpecial3...
  Executing DeployModule#RenderWeapon1...
  Executing DeployModule#RenderWeapon2...
  Executing DeployModule#RenderWeapon3...
  Executing DeployModule#RenderWeapon4...
  Executing DeployModule#SpecialEffectsLib...
  Executing DeployModule#UniversalCredits...

[32A[0JBatch #1
  Executed DeployModule#AIShips
  Executed DeployModule#DestroyRewardLib
  Executing DeployModule#DroneEnergyCores...
  Executing DeployModule#GameResults...
  Executing DeployModule#GenerateNewShip...
  Executing DeployModule#Maps...
  Executing DeployModule#RandomManager...
  Executing DeployModule#RenderAft0...
  Executing DeployModule#RenderAft1...
  Executing DeployModule#RenderAft2...
  Executing DeployModule#RenderArmor1...
  Executing DeployModule#RenderArmor2...
  Executing DeployModule#RenderArmor3...
  Executing DeployModule#RenderBaseBody...
  Executing DeployModule#RenderFore0...
  Executing DeployModule#RenderFore1...
  Executing DeployModule#RenderFore2...
  Executing DeployModule#RenderForePerfect...
  Executing DeployModule#RenderShield1...
  Executing DeployModule#RenderShield2...
  Executing DeployModule#RenderShield3...
  Executing DeployModule#RenderSpecial1...
  Executing DeployModule#RenderSpecial2...
  Executing DeployModule#RenderSpecial3...
  Executing DeployModule#RenderWeapon1...
  Executing DeployModule#RenderWeapon2...
  Executing DeployModule#RenderWeapon3...
  Executing DeployModule#RenderWeapon4...
  Executing DeployModule#SpecialEffectsLib...
  Executing DeployModule#UniversalCredits...

[32A[0JBatch #1
  Executed DeployModule#AIShips
  Executed DeployModule#DestroyRewardLib
  Executed DeployModule#DroneEnergyCores
  Executing DeployModule#GameResults...
  Executing DeployModule#GenerateNewShip...
  Executing DeployModule#Maps...
  Executing DeployModule#RandomManager...
  Executing DeployModule#RenderAft0...
  Executing DeployModule#RenderAft1...
  Executing DeployModule#RenderAft2...
  Executing DeployModule#RenderArmor1...
  Executing DeployModule#RenderArmor2...
  Executing DeployModule#RenderArmor3...
  Executing DeployModule#RenderBaseBody...
  Executing DeployModule#RenderFore0...
  Executing DeployModule#RenderFore1...
  Executing DeployModule#RenderFore2...
  Executing DeployModule#RenderForePerfect...
  Executing DeployModule#RenderShield1...
  Executing DeployModule#RenderShield2...
  Executing DeployModule#RenderShield3...
  Executing DeployModule#RenderSpecial1...
  Executing DeployModule#RenderSpecial2...
  Executing DeployModule#RenderSpecial3...
  Executing DeployModule#RenderWeapon1...
  Executing DeployModule#RenderWeapon2...
  Executing DeployModule#RenderWeapon3...
  Executing DeployModule#RenderWeapon4...
  Executing DeployModule#SpecialEffectsLib...
  Executing DeployModule#UniversalCredits...

[32A[0JBatch #1
  Executed DeployModule#AIShips
  Executed DeployModule#DestroyRewardLib
  Executed DeployModule#DroneEnergyCores
  Executed DeployModule#GameResults
  Executing DeployModule#GenerateNewShip...
  Executing DeployModule#Maps...
  Executing DeployModule#RandomManager...
  Executing DeployModule#RenderAft0...
  Executing DeployModule#RenderAft1...
  Executing DeployModule#RenderAft2...
  Executing DeployModule#RenderArmor1...
  Executing DeployModule#RenderArmor2...
  Executing DeployModule#RenderArmor3...
  Executing DeployModule#RenderBaseBody...
  Executing DeployModule#RenderFore0...
  Executing DeployModule#RenderFore1...
  Executing DeployModule#RenderFore2...
  Executing DeployModule#RenderForePerfect...
  Executing DeployModule#RenderShield1...
  Executing DeployModule#RenderShield2...
  Executing DeployModule#RenderShield3...
  Executing DeployModule#RenderSpecial1...
  Executing DeployModule#RenderSpecial2...
  Executing DeployModule#RenderSpecial3...
  Executing DeployModule#RenderWeapon1...
  Executing DeployModule#RenderWeapon2...
  Executing DeployModule#RenderWeapon3...
  Executing DeployModule#RenderWeapon4...
  Executing DeployModule#SpecialEffectsLib...
  Executing DeployModule#UniversalCredits...

[32A[0JBatch #1
  Executed DeployModule#AIShips
  Executed DeployModule#DestroyRewardLib
  Executed DeployModule#DroneEnergyCores
  Executed DeployModule#GameResults
  Executed DeployModule#GenerateNewShip
  Executing DeployModule#Maps...
  Executing DeployModule#RandomManager...
  Executing DeployModule#RenderAft0...
  Executing DeployModule#RenderAft1...
  Executing DeployModule#RenderAft2...
  Executing DeployModule#RenderArmor1...
  Executing DeployModule#RenderArmor2...
  Executing DeployModule#RenderArmor3...
  Executing DeployModule#RenderBaseBody...
  Executing DeployModule#RenderFore0...
  Executing DeployModule#RenderFore1...
  Executing DeployModule#RenderFore2...
  Executing DeployModule#RenderForePerfect...
  Executing DeployModule#RenderShield1...
  Executing DeployModule#RenderShield2...
  Executing DeployModule#RenderShield3...
  Executing DeployModule#RenderSpecial1...
  Executing DeployModule#RenderSpecial2...
  Executing DeployModule#RenderSpecial3...
  Executing DeployModule#RenderWeapon1...
  Executing DeployModule#RenderWeapon2...
  Executing DeployModule#RenderWeapon3...
  Executing DeployModule#RenderWeapon4...
  Executing DeployModule#SpecialEffectsLib...
  Executing DeployModule#UniversalCredits...

[32A[0JBatch #1
  Executed DeployModule#AIShips
  Executed DeployModule#DestroyRewardLib
  Executed DeployModule#DroneEnergyCores
  Executed DeployModule#GameResults
  Executed DeployModule#GenerateNewShip
  Executed DeployModule#Maps
  Executing DeployModule#RandomManager...
  Executing DeployModule#RenderAft0...
  Executing DeployModule#RenderAft1...
  Executing DeployModule#RenderAft2...
  Executing DeployModule#RenderArmor1...
  Executing DeployModule#RenderArmor2...
  Executing DeployModule#RenderArmor3...
  Executing DeployModule#RenderBaseBody...
  Executing DeployModule#RenderFore0...
  Executing DeployModule#RenderFore1...
  Executing DeployModule#RenderFore2...
  Executing DeployModule#RenderForePerfect...
  Executing DeployModule#RenderShield1...
  Executing DeployModule#RenderShield2...
  Executing DeployModule#RenderShield3...
  Executing DeployModule#RenderSpecial1...
  Executing DeployModule#RenderSpecial2...
  Executing DeployModule#RenderSpecial3...
  Executing DeployModule#RenderWeapon1...
  Executing DeployModule#RenderWeapon2...
  Executing DeployModule#RenderWeapon3...
  Executing DeployModule#RenderWeapon4...
  Executing DeployModule#SpecialEffectsLib...
  Executing DeployModule#UniversalCredits...

[32A[0JBatch #1
  Executed DeployModule#AIShips
  Executed DeployModule#DestroyRewardLib
  Executed DeployModule#DroneEnergyCores
  Executed DeployModule#GameResults
  Executed DeployModule#GenerateNewShip
  Executed DeployModule#Maps
  Executed DeployModule#RandomManager
  Executing DeployModule#RenderAft0...
  Executing DeployModule#RenderAft1...
  Executing DeployModule#RenderAft2...
  Executing DeployModule#RenderArmor1...
  Executing DeployModule#RenderArmor2...
  Executing DeployModule#RenderArmor3...
  Executing DeployModule#RenderBaseBody...
  Executing DeployModule#RenderFore0...
  Executing DeployModule#RenderFore1...
  Executing DeployModule#RenderFore2...
  Executing DeployModule#RenderForePerfect...
  Executing DeployModule#RenderShield1...
  Executing DeployModule#RenderShield2...
  Executing DeployModule#RenderShield3...
  Executing DeployModule#RenderSpecial1...
  Executing DeployModule#RenderSpecial2...
  Executing DeployModule#RenderSpecial3...
  Executing DeployModule#RenderWeapon1...
  Executing DeployModule#RenderWeapon2...
  Executing DeployModule#RenderWeapon3...
  Executing DeployModule#RenderWeapon4...
  Executing DeployModule#SpecialEffectsLib...
  Executing DeployModule#UniversalCredits...

[32A[0JBatch #1
  Executed DeployModule#AIShips
  Executed DeployModule#DestroyRewardLib
  Executed DeployModule#DroneEnergyCores
  Executed DeployModule#GameResults
  Executed DeployModule#GenerateNewShip
  Executed DeployModule#Maps
  Executed DeployModule#RandomManager
  Executed DeployModule#RenderAft0
  Executing DeployModule#RenderAft1...
  Executing DeployModule#RenderAft2...
  Executing DeployModule#RenderArmor1...
  Executing DeployModule#RenderArmor2...
  Executing DeployModule#RenderArmor3...
  Executing DeployModule#RenderBaseBody...
  Executing DeployModule#RenderFore0...
  Executing DeployModule#RenderFore1...
  Executing DeployModule#RenderFore2...
  Executing DeployModule#RenderForePerfect...
  Executing DeployModule#RenderShield1...
  Executing DeployModule#RenderShield2...
  Executing DeployModule#RenderShield3...
  Executing DeployModule#RenderSpecial1...
  Executing DeployModule#RenderSpecial2...
  Executing DeployModule#RenderSpecial3...
  Executing DeployModule#RenderWeapon1...
  Executing DeployModule#RenderWeapon2...
  Executing DeployModule#RenderWeapon3...
  Executing DeployModule#RenderWeapon4...
  Executing DeployModule#SpecialEffectsLib...
  Executing DeployModule#UniversalCredits...

[32A[0JBatch #1
  Executed DeployModule#AIShips
  Executed DeployModule#DestroyRewardLib
  Executed DeployModule#DroneEnergyCores
  Executed DeployModule#GameResults
  Executed DeployModule#GenerateNewShip
  Executed DeployModule#Maps
  Executed DeployModule#RandomManager
  Executed DeployModule#RenderAft0
  Executed DeployModule#RenderAft1
  Executing DeployModule#RenderAft2...
  Executing DeployModule#RenderArmor1...
  Executing DeployModule#RenderArmor2...
  Executing DeployModule#RenderArmor3...
  Executing DeployModule#RenderBaseBody...
  Executing DeployModule#RenderFore0...
  Executing DeployModule#RenderFore1...
  Executing DeployModule#RenderFore2...
  Executing DeployModule#RenderForePerfect...
  Executing DeployModule#RenderShield1...
  Executing DeployModule#RenderShield2...
  Executing DeployModule#RenderShield3...
  Executing DeployModule#RenderSpecial1...
  Executing DeployModule#RenderSpecial2...
  Executing DeployModule#RenderSpecial3...
  Executing DeployModule#RenderWeapon1...
  Executing DeployModule#RenderWeapon2...
  Executing DeployModule#RenderWeapon3...
  Executing DeployModule#RenderWeapon4...
  Executing DeployModule#SpecialEffectsLib...
  Executing DeployModule#UniversalCredits...

[32A[0JBatch #1
  Executed DeployModule#AIShips
  Executed DeployModule#DestroyRewardLib
  Executed DeployModule#DroneEnergyCores
  Executed DeployModule#GameResults
  Executed DeployModule#GenerateNewShip
  Executed DeployModule#Maps
  Executed DeployModule#RandomManager
  Executed DeployModule#RenderAft0
  Executed DeployModule#RenderAft1
  Executed DeployModule#RenderAft2
  Executing DeployModule#RenderArmor1...
  Executing DeployModule#RenderArmor2...
  Executing DeployModule#RenderArmor3...
  Executing DeployModule#RenderBaseBody...
  Executing DeployModule#RenderFore0...
  Executing DeployModule#RenderFore1...
  Executing DeployModule#RenderFore2...
  Executing DeployModule#RenderForePerfect...
  Executing DeployModule#RenderShield1...
  Executing DeployModule#RenderShield2...
  Executing DeployModule#RenderShield3...
  Executing DeployModule#RenderSpecial1...
  Executing DeployModule#RenderSpecial2...
  Executing DeployModule#RenderSpecial3...
  Executing DeployModule#RenderWeapon1...
  Executing DeployModule#RenderWeapon2...
  Executing DeployModule#RenderWeapon3...
  Executing DeployModule#RenderWeapon4...
  Executing DeployModule#SpecialEffectsLib...
  Executing DeployModule#UniversalCredits...

[32A[0JBatch #1
  Executed DeployModule#AIShips
  Executed DeployModule#DestroyRewardLib
  Executed DeployModule#DroneEnergyCores
  Executed DeployModule#GameResults
  Executed DeployModule#GenerateNewShip
  Executed DeployModule#Maps
  Executed DeployModule#RandomManager
  Executed DeployModule#RenderAft0
  Executed DeployModule#RenderAft1
  Executed DeployModule#RenderAft2
  Executed DeployModule#RenderArmor1
  Executing DeployModule#RenderArmor2...
  Executing DeployModule#RenderArmor3...
  Executing DeployModule#RenderBaseBody...
  Executing DeployModule#RenderFore0...
  Executing DeployModule#RenderFore1...
  Executing DeployModule#RenderFore2...
  Executing DeployModule#RenderForePerfect...
  Executing DeployModule#RenderShield1...
  Executing DeployModule#RenderShield2...
  Executing DeployModule#RenderShield3...
  Executing DeployModule#RenderSpecial1...
  Executing DeployModule#RenderSpecial2...
  Executing DeployModule#RenderSpecial3...
  Executing DeployModule#RenderWeapon1...
  Executing DeployModule#RenderWeapon2...
  Executing DeployModule#RenderWeapon3...
  Executing DeployModule#RenderWeapon4...
  Executing DeployModule#SpecialEffectsLib...
  Executing DeployModule#UniversalCredits...

[32A[0JBatch #1
  Executed DeployModule#AIShips
  Executed DeployModule#DestroyRewardLib
  Executed DeployModule#DroneEnergyCores
  Executed DeployModule#GameResults
  Executed DeployModule#GenerateNewShip
  Executed DeployModule#Maps
  Executed DeployModule#RandomManager
  Executed DeployModule#RenderAft0
  Executed DeployModule#RenderAft1
  Executed DeployModule#RenderAft2
  Executed DeployModule#RenderArmor1
  Executed DeployModule#RenderArmor2
  Executing DeployModule#RenderArmor3...
  Executing DeployModule#RenderBaseBody...
  Executing DeployModule#RenderFore0...
  Executing DeployModule#RenderFore1...
  Executing DeployModule#RenderFore2...
  Executing DeployModule#RenderForePerfect...
  Executing DeployModule#RenderShield1...
  Executing DeployModule#RenderShield2...
  Executing DeployModule#RenderShield3...
  Executing DeployModule#RenderSpecial1...
  Executing DeployModule#RenderSpecial2...
  Executing DeployModule#RenderSpecial3...
  Executing DeployModule#RenderWeapon1...
  Executing DeployModule#RenderWeapon2...
  Executing DeployModule#RenderWeapon3...
  Executing DeployModule#RenderWeapon4...
  Executing DeployModule#SpecialEffectsLib...
  Executing DeployModule#UniversalCredits...

[32A[0JBatch #1
  Executed DeployModule#AIShips
  Executed DeployModule#DestroyRewardLib
  Executed DeployModule#DroneEnergyCores
  Executed DeployModule#GameResults
  Executed DeployModule#GenerateNewShip
  Executed DeployModule#Maps
  Executed DeployModule#RandomManager
  Executed DeployModule#RenderAft0
  Executed DeployModule#RenderAft1
  Executed DeployModule#RenderAft2
  Executed DeployModule#RenderArmor1
  Executed DeployModule#RenderArmor2
  Executed DeployModule#RenderArmor3
  Executing DeployModule#RenderBaseBody...
  Executing DeployModule#RenderFore0...
  Executing DeployModule#RenderFore1...
  Executing DeployModule#RenderFore2...
  Executing DeployModule#RenderForePerfect...
  Executing DeployModule#RenderShield1...
  Executing DeployModule#RenderShield2...
  Executing DeployModule#RenderShield3...
  Executing DeployModule#RenderSpecial1...
  Executing DeployModule#RenderSpecial2...
  Executing DeployModule#RenderSpecial3...
  Executing DeployModule#RenderWeapon1...
  Executing DeployModule#RenderWeapon2...
  Executing DeployModule#RenderWeapon3...
  Executing DeployModule#RenderWeapon4...
  Executing DeployModule#SpecialEffectsLib...
  Executing DeployModule#UniversalCredits...

[32A[0JBatch #1
  Executed DeployModule#AIShips
  Executed DeployModule#DestroyRewardLib
  Executed DeployModule#DroneEnergyCores
  Executed DeployModule#GameResults
  Executed DeployModule#GenerateNewShip
  Executed DeployModule#Maps
  Executed DeployModule#RandomManager
  Executed DeployModule#RenderAft0
  Executed DeployModule#RenderAft1
  Executed DeployModule#RenderAft2
  Executed DeployModule#RenderArmor1
  Executed DeployModule#RenderArmor2
  Executed DeployModule#RenderArmor3
  Executed DeployModule#RenderBaseBody
  Executing DeployModule#RenderFore0...
  Executing DeployModule#RenderFore1...
  Executing DeployModule#RenderFore2...
  Executing DeployModule#RenderForePerfect...
  Executing DeployModule#RenderShield1...
  Executing DeployModule#RenderShield2...
  Executing DeployModule#RenderShield3...
  Executing DeployModule#RenderSpecial1...
  Executing DeployModule#RenderSpecial2...
  Executing DeployModule#RenderSpecial3...
  Executing DeployModule#RenderWeapon1...
  Executing DeployModule#RenderWeapon2...
  Executing DeployModule#RenderWeapon3...
  Executing DeployModule#RenderWeapon4...
  Executing DeployModule#SpecialEffectsLib...
  Executing DeployModule#UniversalCredits...

[32A[0JBatch #1
  Executed DeployModule#AIShips
  Executed DeployModule#DestroyRewardLib
  Executed DeployModule#DroneEnergyCores
  Executed DeployModule#GameResults
  Executed DeployModule#GenerateNewShip
  Executed DeployModule#Maps
  Executed DeployModule#RandomManager
  Executed DeployModule#RenderAft0
  Executed DeployModule#RenderAft1
  Executed DeployModule#RenderAft2
  Executed DeployModule#RenderArmor1
  Executed DeployModule#RenderArmor2
  Executed DeployModule#RenderArmor3
  Executed DeployModule#RenderBaseBody
  Executed DeployModule#RenderFore0
  Executing DeployModule#RenderFore1...
  Executing DeployModule#RenderFore2...
  Executing DeployModule#RenderForePerfect...
  Executing DeployModule#RenderShield1...
  Executing DeployModule#RenderShield2...
  Executing DeployModule#RenderShield3...
  Executing DeployModule#RenderSpecial1...
  Executing DeployModule#RenderSpecial2...
  Executing DeployModule#RenderSpecial3...
  Executing DeployModule#RenderWeapon1...
  Executing DeployModule#RenderWeapon2...
  Executing DeployModule#RenderWeapon3...
  Executing DeployModule#RenderWeapon4...
  Executing DeployModule#SpecialEffectsLib...
  Executing DeployModule#UniversalCredits...

[32A[0JBatch #1
  Executed DeployModule#AIShips
  Executed DeployModule#DestroyRewardLib
  Executed DeployModule#DroneEnergyCores
  Executed DeployModule#GameResults
  Executed DeployModule#GenerateNewShip
  Executed DeployModule#Maps
  Executed DeployModule#RandomManager
  Executed DeployModule#RenderAft0
  Executed DeployModule#RenderAft1
  Executed DeployModule#RenderAft2
  Executed DeployModule#RenderArmor1
  Executed DeployModule#RenderArmor2
  Executed DeployModule#RenderArmor3
  Executed DeployModule#RenderBaseBody
  Executed DeployModule#RenderFore0
  Executed DeployModule#RenderFore1
  Executing DeployModule#RenderFore2...
  Executing DeployModule#RenderForePerfect...
  Executing DeployModule#RenderShield1...
  Executing DeployModule#RenderShield2...
  Executing DeployModule#RenderShield3...
  Executing DeployModule#RenderSpecial1...
  Executing DeployModule#RenderSpecial2...
  Executing DeployModule#RenderSpecial3...
  Executing DeployModule#RenderWeapon1...
  Executing DeployModule#RenderWeapon2...
  Executing DeployModule#RenderWeapon3...
  Executing DeployModule#RenderWeapon4...
  Executing DeployModule#SpecialEffectsLib...
  Executing DeployModule#UniversalCredits...

[32A[0JBatch #1
  Executed DeployModule#AIShips
  Executed DeployModule#DestroyRewardLib
  Executed DeployModule#DroneEnergyCores
  Executed DeployModule#GameResults
  Executed DeployModule#GenerateNewShip
  Executed DeployModule#Maps
  Executed DeployModule#RandomManager
  Executed DeployModule#RenderAft0
  Executed DeployModule#RenderAft1
  Executed DeployModule#RenderAft2
  Executed DeployModule#RenderArmor1
  Executed DeployModule#RenderArmor2
  Executed DeployModule#RenderArmor3
  Executed DeployModule#RenderBaseBody
  Executed DeployModule#RenderFore0
  Executed DeployModule#RenderFore1
  Executed DeployModule#RenderFore2
  Executing DeployModule#RenderForePerfect...
  Executing DeployModule#RenderShield1...
  Executing DeployModule#RenderShield2...
  Executing DeployModule#RenderShield3...
  Executing DeployModule#RenderSpecial1...
  Executing DeployModule#RenderSpecial2...
  Executing DeployModule#RenderSpecial3...
  Executing DeployModule#RenderWeapon1...
  Executing DeployModule#RenderWeapon2...
  Executing DeployModule#RenderWeapon3...
  Executing DeployModule#RenderWeapon4...
  Executing DeployModule#SpecialEffectsLib...
  Executing DeployModule#UniversalCredits...

[32A[0JBatch #1
  Executed DeployModule#AIShips
  Executed DeployModule#DestroyRewardLib
  Executed DeployModule#DroneEnergyCores
  Executed DeployModule#GameResults
  Executed DeployModule#GenerateNewShip
  Executed DeployModule#Maps
  Executed DeployModule#RandomManager
  Executed DeployModule#RenderAft0
  Executed DeployModule#RenderAft1
  Executed DeployModule#RenderAft2
  Executed DeployModule#RenderArmor1
  Executed DeployModule#RenderArmor2
  Executed DeployModule#RenderArmor3
  Executed DeployModule#RenderBaseBody
  Executed DeployModule#RenderFore0
  Executed DeployModule#RenderFore1
  Executed DeployModule#RenderFore2
  Executed DeployModule#RenderForePerfect
  Executing DeployModule#RenderShield1...
  Executing DeployModule#RenderShield2...
  Executing DeployModule#RenderShield3...
  Executing DeployModule#RenderSpecial1...
  Executing DeployModule#RenderSpecial2...
  Executing DeployModule#RenderSpecial3...
  Executing DeployModule#RenderWeapon1...
  Executing DeployModule#RenderWeapon2...
  Executing DeployModule#RenderWeapon3...
  Executing DeployModule#RenderWeapon4...
  Executing DeployModule#SpecialEffectsLib...
  Executing DeployModule#UniversalCredits...

[32A[0JBatch #1
  Executed DeployModule#AIShips
  Executed DeployModule#DestroyRewardLib
  Executed DeployModule#DroneEnergyCores
  Executed DeployModule#GameResults
  Executed DeployModule#GenerateNewShip
  Executed DeployModule#Maps
  Executed DeployModule#RandomManager
  Executed DeployModule#RenderAft0
  Executed DeployModule#RenderAft1
  Executed DeployModule#RenderAft2
  Executed DeployModule#RenderArmor1
  Executed DeployModule#RenderArmor2
  Executed DeployModule#RenderArmor3
  Executed DeployModule#RenderBaseBody
  Executed DeployModule#RenderFore0
  Executed DeployModule#RenderFore1
  Executed DeployModule#RenderFore2
  Executed DeployModule#RenderForePerfect
  Executed DeployModule#RenderShield1
  Executing DeployModule#RenderShield2...
  Executing DeployModule#RenderShield3...
  Executing DeployModule#RenderSpecial1...
  Executing DeployModule#RenderSpecial2...
  Executing DeployModule#RenderSpecial3...
  Executing DeployModule#RenderWeapon1...
  Executing DeployModule#RenderWeapon2...
  Executing DeployModule#RenderWeapon3...
  Executing DeployModule#RenderWeapon4...
  Executing DeployModule#SpecialEffectsLib...
  Executing DeployModule#UniversalCredits...

[32A[0JBatch #1
  Executed DeployModule#AIShips
  Executed DeployModule#DestroyRewardLib
  Executed DeployModule#DroneEnergyCores
  Executed DeployModule#GameResults
  Executed DeployModule#GenerateNewShip
  Executed DeployModule#Maps
  Executed DeployModule#RandomManager
  Executed DeployModule#RenderAft0
  Executed DeployModule#RenderAft1
  Executed DeployModule#RenderAft2
  Executed DeployModule#RenderArmor1
  Executed DeployModule#RenderArmor2
  Executed DeployModule#RenderArmor3
  Executed DeployModule#RenderBaseBody
  Executed DeployModule#RenderFore0
  Executed DeployModule#RenderFore1
  Executed DeployModule#RenderFore2
  Executed DeployModule#RenderForePerfect
  Executed DeployModule#RenderShield1
  Executed DeployModule#RenderShield2
  Executing DeployModule#RenderShield3...
  Executing DeployModule#RenderSpecial1...
  Executing DeployModule#RenderSpecial2...
  Executing DeployModule#RenderSpecial3...
  Executing DeployModule#RenderWeapon1...
  Executing DeployModule#RenderWeapon2...
  Executing DeployModule#RenderWeapon3...
  Executing DeployModule#RenderWeapon4...
  Executing DeployModule#SpecialEffectsLib...
  Executing DeployModule#UniversalCredits...

[32A[0JBatch #1
  Executed DeployModule#AIShips
  Executed DeployModule#DestroyRewardLib
  Executed DeployModule#DroneEnergyCores
  Executed DeployModule#GameResults
  Executed DeployModule#GenerateNewShip
  Executed DeployModule#Maps
  Executed DeployModule#RandomManager
  Executed DeployModule#RenderAft0
  Executed DeployModule#RenderAft1
  Executed DeployModule#RenderAft2
  Executed DeployModule#RenderArmor1
  Executed DeployModule#RenderArmor2
  Executed DeployModule#RenderArmor3
  Executed DeployModule#RenderBaseBody
  Executed DeployModule#RenderFore0
  Executed DeployModule#RenderFore1
  Executed DeployModule#RenderFore2
  Executed DeployModule#RenderForePerfect
  Executed DeployModule#RenderShield1
  Executed DeployModule#RenderShield2
  Executed DeployModule#RenderShield3
  Executing DeployModule#RenderSpecial1...
  Executing DeployModule#RenderSpecial2...
  Executing DeployModule#RenderSpecial3...
  Executing DeployModule#RenderWeapon1...
  Executing DeployModule#RenderWeapon2...
  Executing DeployModule#RenderWeapon3...
  Executing DeployModule#RenderWeapon4...
  Executing DeployModule#SpecialEffectsLib...
  Executing DeployModule#UniversalCredits...

[32A[0JBatch #1
  Executed DeployModule#AIShips
  Executed DeployModule#DestroyRewardLib
  Executed DeployModule#DroneEnergyCores
  Executed DeployModule#GameResults
  Executed DeployModule#GenerateNewShip
  Executed DeployModule#Maps
  Executed DeployModule#RandomManager
  Executed DeployModule#RenderAft0
  Executed DeployModule#RenderAft1
  Executed DeployModule#RenderAft2
  Executed DeployModule#RenderArmor1
  Executed DeployModule#RenderArmor2
  Executed DeployModule#RenderArmor3
  Executed DeployModule#RenderBaseBody
  Executed DeployModule#RenderFore0
  Executed DeployModule#RenderFore1
  Executed DeployModule#RenderFore2
  Executed DeployModule#RenderForePerfect
  Executed DeployModule#RenderShield1
  Executed DeployModule#RenderShield2
  Executed DeployModule#RenderShield3
  Executed DeployModule#RenderSpecial1
  Executing DeployModule#RenderSpecial2...
  Executing DeployModule#RenderSpecial3...
  Executing DeployModule#RenderWeapon1...
  Executing DeployModule#RenderWeapon2...
  Executing DeployModule#RenderWeapon3...
  Executing DeployModule#RenderWeapon4...
  Executing DeployModule#SpecialEffectsLib...
  Executing DeployModule#UniversalCredits...

[32A[0JBatch #1
  Executed DeployModule#AIShips
  Executed DeployModule#DestroyRewardLib
  Executed DeployModule#DroneEnergyCores
  Executed DeployModule#GameResults
  Executed DeployModule#GenerateNewShip
  Executed DeployModule#Maps
  Executed DeployModule#RandomManager
  Executed DeployModule#RenderAft0
  Executed DeployModule#RenderAft1
  Executed DeployModule#RenderAft2
  Executed DeployModule#RenderArmor1
  Executed DeployModule#RenderArmor2
  Executed DeployModule#RenderArmor3
  Executed DeployModule#RenderBaseBody
  Executed DeployModule#RenderFore0
  Executed DeployModule#RenderFore1
  Executed DeployModule#RenderFore2
  Executed DeployModule#RenderForePerfect
  Executed DeployModule#RenderShield1
  Executed DeployModule#RenderShield2
  Executed DeployModule#RenderShield3
  Executed DeployModule#RenderSpecial1
  Executed DeployModule#RenderSpecial2
  Executing DeployModule#RenderSpecial3...
  Executing DeployModule#RenderWeapon1...
  Executing DeployModule#RenderWeapon2...
  Executing DeployModule#RenderWeapon3...
  Executing DeployModule#RenderWeapon4...
  Executing DeployModule#SpecialEffectsLib...
  Executing DeployModule#UniversalCredits...

[32A[0JBatch #1
  Executed DeployModule#AIShips
  Executed DeployModule#DestroyRewardLib
  Executed DeployModule#DroneEnergyCores
  Executed DeployModule#GameResults
  Executed DeployModule#GenerateNewShip
  Executed DeployModule#Maps
  Executed DeployModule#RandomManager
  Executed DeployModule#RenderAft0
  Executed DeployModule#RenderAft1
  Executed DeployModule#RenderAft2
  Executed DeployModule#RenderArmor1
  Executed DeployModule#RenderArmor2
  Executed DeployModule#RenderArmor3
  Executed DeployModule#RenderBaseBody
  Executed DeployModule#RenderFore0
  Executed DeployModule#RenderFore1
  Executed DeployModule#RenderFore2
  Executed DeployModule#RenderForePerfect
  Executed DeployModule#RenderShield1
  Executed DeployModule#RenderShield2
  Executed DeployModule#RenderShield3
  Executed DeployModule#RenderSpecial1
  Executed DeployModule#RenderSpecial2
  Executed DeployModule#RenderSpecial3
  Executing DeployModule#RenderWeapon1...
  Executing DeployModule#RenderWeapon2...
  Executing DeployModule#RenderWeapon3...
  Executing DeployModule#RenderWeapon4...
  Executing DeployModule#SpecialEffectsLib...
  Executing DeployModule#UniversalCredits...

[32A[0JBatch #1
  Executed DeployModule#AIShips
  Executed DeployModule#DestroyRewardLib
  Executed DeployModule#DroneEnergyCores
  Executed DeployModule#GameResults
  Executed DeployModule#GenerateNewShip
  Executed DeployModule#Maps
  Executed DeployModule#RandomManager
  Executed DeployModule#RenderAft0
  Executed DeployModule#RenderAft1
  Executed DeployModule#RenderAft2
  Executed DeployModule#RenderArmor1
  Executed DeployModule#RenderArmor2
  Executed DeployModule#RenderArmor3
  Executed DeployModule#RenderBaseBody
  Executed DeployModule#RenderFore0
  Executed DeployModule#RenderFore1
  Executed DeployModule#RenderFore2
  Executed DeployModule#RenderForePerfect
  Executed DeployModule#RenderShield1
  Executed DeployModule#RenderShield2
  Executed DeployModule#RenderShield3
  Executed DeployModule#RenderSpecial1
  Executed DeployModule#RenderSpecial2
  Executed DeployModule#RenderSpecial3
  Executed DeployModule#RenderWeapon1
  Executing DeployModule#RenderWeapon2...
  Executing DeployModule#RenderWeapon3...
  Executing DeployModule#RenderWeapon4...
  Executing DeployModule#SpecialEffectsLib...
  Executing DeployModule#UniversalCredits...

[32A[0JBatch #1
  Executed DeployModule#AIShips
  Executed DeployModule#DestroyRewardLib
  Executed DeployModule#DroneEnergyCores
  Executed DeployModule#GameResults
  Executed DeployModule#GenerateNewShip
  Executed DeployModule#Maps
  Executed DeployModule#RandomManager
  Executed DeployModule#RenderAft0
  Executed DeployModule#RenderAft1
  Executed DeployModule#RenderAft2
  Executed DeployModule#RenderArmor1
  Executed DeployModule#RenderArmor2
  Executed DeployModule#RenderArmor3
  Executed DeployModule#RenderBaseBody
  Executed DeployModule#RenderFore0
  Executed DeployModule#RenderFore1
  Executed DeployModule#RenderFore2
  Executed DeployModule#RenderForePerfect
  Executed DeployModule#RenderShield1
  Executed DeployModule#RenderShield2
  Executed DeployModule#RenderShield3
  Executed DeployModule#RenderSpecial1
  Executed DeployModule#RenderSpecial2
  Executed DeployModule#RenderSpecial3
  Executed DeployModule#RenderWeapon1
  Executed DeployModule#RenderWeapon2
  Executing DeployModule#RenderWeapon3...
  Executing DeployModule#RenderWeapon4...
  Executing DeployModule#SpecialEffectsLib...
  Executing DeployModule#UniversalCredits...

[32A[0JBatch #1
  Executed DeployModule#AIShips
  Executed DeployModule#DestroyRewardLib
  Executed DeployModule#DroneEnergyCores
  Executed DeployModule#GameResults
  Executed DeployModule#GenerateNewShip
  Executed DeployModule#Maps
  Executed DeployModule#RandomManager
  Executed DeployModule#RenderAft0
  Executed DeployModule#RenderAft1
  Executed DeployModule#RenderAft2
  Executed DeployModule#RenderArmor1
  Executed DeployModule#RenderArmor2
  Executed DeployModule#RenderArmor3
  Executed DeployModule#RenderBaseBody
  Executed DeployModule#RenderFore0
  Executed DeployModule#RenderFore1
  Executed DeployModule#RenderFore2
  Executed DeployModule#RenderForePerfect
  Executed DeployModule#RenderShield1
  Executed DeployModule#RenderShield2
  Executed DeployModule#RenderShield3
  Executed DeployModule#RenderSpecial1
  Executed DeployModule#RenderSpecial2
  Executed DeployModule#RenderSpecial3
  Executed DeployModule#RenderWeapon1
  Executed DeployModule#RenderWeapon2
  Executed DeployModule#RenderWeapon3
  Executing DeployModule#RenderWeapon4...
  Executing DeployModule#SpecialEffectsLib...
  Executing DeployModule#UniversalCredits...

[32A[0JBatch #1
  Executed DeployModule#AIShips
  Executed DeployModule#DestroyRewardLib
  Executed DeployModule#DroneEnergyCores
  Executed DeployModule#GameResults
  Executed DeployModule#GenerateNewShip
  Executed DeployModule#Maps
  Executed DeployModule#RandomManager
  Executed DeployModule#RenderAft0
  Executed DeployModule#RenderAft1
  Executed DeployModule#RenderAft2
  Executed DeployModule#RenderArmor1
  Executed DeployModule#RenderArmor2
  Executed DeployModule#RenderArmor3
  Executed DeployModule#RenderBaseBody
  Executed DeployModule#RenderFore0
  Executed DeployModule#RenderFore1
  Executed DeployModule#RenderFore2
  Executed DeployModule#RenderForePerfect
  Executed DeployModule#RenderShield1
  Executed DeployModule#RenderShield2
  Executed DeployModule#RenderShield3
  Executed DeployModule#RenderSpecial1
  Executed DeployModule#RenderSpecial2
  Executed DeployModule#RenderSpecial3
  Executed DeployModule#RenderWeapon1
  Executed DeployModule#RenderWeapon2
  Executed DeployModule#RenderWeapon3
  Executed DeployModule#RenderWeapon4
  Executing DeployModule#SpecialEffectsLib...
  Executing DeployModule#UniversalCredits...

[32A[0JBatch #1
  Executed DeployModule#AIShips
  Executed DeployModule#DestroyRewardLib
  Executed DeployModule#DroneEnergyCores
  Executed DeployModule#GameResults
  Executed DeployModule#GenerateNewShip
  Executed DeployModule#Maps
  Executed DeployModule#RandomManager
  Executed DeployModule#RenderAft0
  Executed DeployModule#RenderAft1
  Executed DeployModule#RenderAft2
  Executed DeployModule#RenderArmor1
  Executed DeployModule#RenderArmor2
  Executed DeployModule#RenderArmor3
  Executed DeployModule#RenderBaseBody
  Executed DeployModule#RenderFore0
  Executed DeployModule#RenderFore1
  Executed DeployModule#RenderFore2
  Executed DeployModule#RenderForePerfect
  Executed DeployModule#RenderShield1
  Executed DeployModule#RenderShield2
  Executed DeployModule#RenderShield3
  Executed DeployModule#RenderSpecial1
  Executed DeployModule#RenderSpecial2
  Executed DeployModule#RenderSpecial3
  Executed DeployModule#RenderWeapon1
  Executed DeployModule#RenderWeapon2
  Executed DeployModule#RenderWeapon3
  Executed DeployModule#RenderWeapon4
  Executed DeployModule#SpecialEffectsLib
  Executing DeployModule#UniversalCredits...

[32A[0JBatch #1
  Executed DeployModule#AIShips
  Executed DeployModule#DestroyRewardLib
  Executed DeployModule#DroneEnergyCores
  Executed DeployModule#GameResults
  Executed DeployModule#GenerateNewShip
  Executed DeployModule#Maps
  Executed DeployModule#RandomManager
  Executed DeployModule#RenderAft0
  Executed DeployModule#RenderAft1
  Executed DeployModule#RenderAft2
  Executed DeployModule#RenderArmor1
  Executed DeployModule#RenderArmor2
  Executed DeployModule#RenderArmor3
  Executed DeployModule#RenderBaseBody
  Executed DeployModule#RenderFore0
  Executed DeployModule#RenderFore1
  Executed DeployModule#RenderFore2
  Executed DeployModule#RenderForePerfect
  Executed DeployModule#RenderShield1
  Executed DeployModule#RenderShield2
  Executed DeployModule#RenderShield3
  Executed DeployModule#RenderSpecial1
  Executed DeployModule#RenderSpecial2
  Executed DeployModule#RenderSpecial3
  Executed DeployModule#RenderWeapon1
  Executed DeployModule#RenderWeapon2
  Executed DeployModule#RenderWeapon3
  Executed DeployModule#RenderWeapon4
  Executed DeployModule#SpecialEffectsLib
  Executed DeployModule#UniversalCredits

[32A[0JBatch #1
  Executed DeployModule#AIShips
  Executed DeployModule#DestroyRewardLib
  Executed DeployModule#DroneEnergyCores
  Executed DeployModule#GameResults
  Executed DeployModule#GenerateNewShip
  Executed DeployModule#Maps
  Executed DeployModule#RandomManager
  Executed DeployModule#RenderAft0
  Executed DeployModule#RenderAft1
  Executed DeployModule#RenderAft2
  Executed DeployModule#RenderArmor1
  Executed DeployModule#RenderArmor2
  Executed DeployModule#RenderArmor3
  Executed DeployModule#RenderBaseBody
  Executed DeployModule#RenderFore0
  Executed DeployModule#RenderFore1
  Executed DeployModule#RenderFore2
  Executed DeployModule#RenderForePerfect
  Executed DeployModule#RenderShield1
  Executed DeployModule#RenderShield2
  Executed DeployModule#RenderShield3
  Executed DeployModule#RenderSpecial1
  Executed DeployModule#RenderSpecial2
  Executed DeployModule#RenderSpecial3
  Executed DeployModule#RenderWeapon1
  Executed DeployModule#RenderWeapon2
  Executed DeployModule#RenderWeapon3
  Executed DeployModule#RenderWeapon4
  Executed DeployModule#SpecialEffectsLib
  Executed DeployModule#UniversalCredits

Batch #2
  Executing DeployModule#AIEncounters...
  Executing DeployModule#AllowMapEditor...
  Executing DeployModule#CreateStarterMap...
  Executing DeployModule#DroneEnergyCores.setMintIsActive...
  Executing DeployModule#DroneStorefront...
  Executing DeployModule#GameBlobRegistry...
  Executing DeployModule#NodeMap...
  Executing DeployModule#RenderAft...
  Executing DeployModule#RenderBody...
  Executing DeployModule#RenderFore...
  Executing DeployModule#RenderSpecial...
  Executing DeployModule#RenderWeapon...
  Executing DeployModule#UniversalCredits.setMintIsActive...

[15A[0JBatch #2
  Executing DeployModule#AIEncounters...
  Executing DeployModule#AllowMapEditor...
  Executing DeployModule#CreateStarterMap...
  Executing DeployModule#DroneEnergyCores.setMintIsActive...
  Executing DeployModule#DroneStorefront...
  Executing DeployModule#GameBlobRegistry...
  Executing DeployModule#NodeMap...
  Executing DeployModule#RenderAft...
  Executing DeployModule#RenderBody...
  Executing DeployModule#RenderFore...
  Executing DeployModule#RenderSpecial...
  Executing DeployModule#RenderWeapon...
  Executing DeployModule#UniversalCredits.setMintIsActive...

[15A[0JBatch #2
  Executing DeployModule#AIEncounters...
  Executing DeployModule#AllowMapEditor...
  Executing DeployModule#CreateStarterMap...
  Executing DeployModule#DroneEnergyCores.setMintIsActive...
  Executing DeployModule#DroneStorefront...
  Executing DeployModule#GameBlobRegistry...
  Executing DeployModule#NodeMap...
  Executing DeployModule#RenderAft...
  Executing DeployModule#RenderBody...
  Executing DeployModule#RenderFore...
  Executing DeployModule#RenderSpecial...
  Executing DeployModule#RenderWeapon...
  Executing DeployModule#UniversalCredits.setMintIsActive...

[15A[0JBatch #2
  Executing DeployModule#AIEncounters...
  Executing DeployModule#AllowMapEditor...
  Executing DeployModule#CreateStarterMap...
  Executing DeployModule#DroneEnergyCores.setMintIsActive...
  Executing DeployModule#DroneStorefront...
  Executing DeployModule#GameBlobRegistry...
  Executing DeployModule#NodeMap...
  Executing DeployModule#RenderAft...
  Executing DeployModule#RenderBody...
  Executing DeployModule#RenderFore...
  Executing DeployModule#RenderSpecial...
  Executing DeployModule#RenderWeapon...
  Executing DeployModule#UniversalCredits.setMintIsActive...

[15A[0JBatch #2
  Executing DeployModule#AIEncounters...
  Executing DeployModule#AllowMapEditor...
  Executing DeployModule#CreateStarterMap...
  Executing DeployModule#DroneEnergyCores.setMintIsActive...
  Executing DeployModule#DroneStorefront...
  Executing DeployModule#GameBlobRegistry...
  Executing DeployModule#NodeMap...
  Executing DeployModule#RenderAft...
  Executing DeployModule#RenderBody...
  Executing DeployModule#RenderFore...
  Executing DeployModule#RenderSpecial...
  Executing DeployModule#RenderWeapon...
  Executing DeployModule#UniversalCredits.setMintIsActive...

[15A[0JBatch #2
  Executing DeployModule#AIEncounters...
  Executing DeployModule#AllowMapEditor...
  Executing DeployModule#CreateStarterMap...
  Executing DeployModule#DroneEnergyCores.setMintIsActive...
  Executing DeployModule#DroneStorefront...
  Executing DeployModule#GameBlobRegistry...
  Executing DeployModule#NodeMap...
  Executing DeployModule#RenderAft...
  Executing DeployModule#RenderBody...
  Executing DeployModule#RenderFore...
  Executing DeployModule#RenderSpecial...
  Executing DeployModule#RenderWeapon...
  Executing DeployModule#UniversalCredits.setMintIsActive...

[15A[0JBatch #2
  Executing DeployModule#AIEncounters...
  Executing DeployModule#AllowMapEditor...
  Executing DeployModule#CreateStarterMap...
  Executing DeployModule#DroneEnergyCores.setMintIsActive...
  Executing DeployModule#DroneStorefront...
  Executing DeployModule#GameBlobRegistry...
  Executing DeployModule#NodeMap...
  Executing DeployModule#RenderAft...
  Executing DeployModule#RenderBody...
  Executing DeployModule#RenderFore...
  Executing DeployModule#RenderSpecial...
  Executing DeployModule#RenderWeapon...
  Executing DeployModule#UniversalCredits.setMintIsActive...

[15A[0JBatch #2
  Executing DeployModule#AIEncounters...
  Executing DeployModule#AllowMapEditor...
  Executing DeployModule#CreateStarterMap...
  Executing DeployModule#DroneEnergyCores.setMintIsActive...
  Executing DeployModule#DroneStorefront...
  Executing DeployModule#GameBlobRegistry...
  Executing DeployModule#NodeMap...
  Executing DeployModule#RenderAft...
  Executing DeployModule#RenderBody...
  Executing DeployModule#RenderFore...
  Executing DeployModule#RenderSpecial...
  Executing DeployModule#RenderWeapon...
  Executing DeployModule#UniversalCredits.setMintIsActive...

[15A[0JBatch #2
  Executing DeployModule#AIEncounters...
  Executing DeployModule#AllowMapEditor...
  Executing DeployModule#CreateStarterMap...
  Executing DeployModule#DroneEnergyCores.setMintIsActive...
  Executing DeployModule#DroneStorefront...
  Executing DeployModule#GameBlobRegistry...
  Executing DeployModule#NodeMap...
  Executing DeployModule#RenderAft...
  Executing DeployModule#RenderBody...
  Executing DeployModule#RenderFore...
  Executing DeployModule#RenderSpecial...
  Executing DeployModule#RenderWeapon...
  Executing DeployModule#UniversalCredits.setMintIsActive...

[15A[0JBatch #2
  Executing DeployModule#AIEncounters...
  Executing DeployModule#AllowMapEditor...
  Executing DeployModule#CreateStarterMap...
  Executing DeployModule#DroneEnergyCores.setMintIsActive...
  Executing DeployModule#DroneStorefront...
  Executing DeployModule#GameBlobRegistry...
  Executing DeployModule#NodeMap...
  Executing DeployModule#RenderAft...
  Executing DeployModule#RenderBody...
  Executing DeployModule#RenderFore...
  Executing DeployModule#RenderSpecial...
  Executing DeployModule#RenderWeapon...
  Executing DeployModule#UniversalCredits.setMintIsActive...

[15A[0JBatch #2
  Executing DeployModule#AIEncounters...
  Executing DeployModule#AllowMapEditor...
  Executing DeployModule#CreateStarterMap...
  Executing DeployModule#DroneEnergyCores.setMintIsActive...
  Executing DeployModule#DroneStorefront...
  Executing DeployModule#GameBlobRegistry...
  Executing DeployModule#NodeMap...
  Executing DeployModule#RenderAft...
  Executing DeployModule#RenderBody...
  Executing DeployModule#RenderFore...
  Executing DeployModule#RenderSpecial...
  Executing DeployModule#RenderWeapon...
  Executing DeployModule#UniversalCredits.setMintIsActive...

[15A[0JBatch #2
  Executing DeployModule#AIEncounters...
  Executing DeployModule#AllowMapEditor...
  Executing DeployModule#CreateStarterMap...
  Executing DeployModule#DroneEnergyCores.setMintIsActive...
  Executing DeployModule#DroneStorefront...
  Executing DeployModule#GameBlobRegistry...
  Executing DeployModule#NodeMap...
  Executing DeployModule#RenderAft...
  Executing DeployModule#RenderBody...
  Executing DeployModule#RenderFore...
  Executing DeployModule#RenderSpecial...
  Executing DeployModule#RenderWeapon...
  Executing DeployModule#UniversalCredits.setMintIsActive...

[15A[0JBatch #2
  Executing DeployModule#AIEncounters...
  Executing DeployModule#AllowMapEditor...
  Executing DeployModule#CreateStarterMap...
  Executing DeployModule#DroneEnergyCores.setMintIsActive...
  Executing DeployModule#DroneStorefront...
  Executing DeployModule#GameBlobRegistry...
  Executing DeployModule#NodeMap...
  Executing DeployModule#RenderAft...
  Executing DeployModule#RenderBody...
  Executing DeployModule#RenderFore...
  Executing DeployModule#RenderSpecial...
  Executing DeployModule#RenderWeapon...
  Executing DeployModule#UniversalCredits.setMintIsActive...

[15A[0JBatch #2
  Executing DeployModule#AIEncounters...
  Executing DeployModule#AllowMapEditor...
  Executing DeployModule#CreateStarterMap...
  Executing DeployModule#DroneEnergyCores.setMintIsActive...
  Executing DeployModule#DroneStorefront...
  Executing DeployModule#GameBlobRegistry...
  Executing DeployModule#NodeMap...
  Executing DeployModule#RenderAft...
  Executing DeployModule#RenderBody...
  Executing DeployModule#RenderFore...
  Executing DeployModule#RenderSpecial...
  Executing DeployModule#RenderWeapon...
  Executing DeployModule#UniversalCredits.setMintIsActive...

[15A[0JBatch #2
  Executed DeployModule#AIEncounters
  Executing DeployModule#AllowMapEditor...
  Executing DeployModule#CreateStarterMap...
  Executing DeployModule#DroneEnergyCores.setMintIsActive...
  Executing DeployModule#DroneStorefront...
  Executing DeployModule#GameBlobRegistry...
  Executing DeployModule#NodeMap...
  Executing DeployModule#RenderAft...
  Executing DeployModule#RenderBody...
  Executing DeployModule#RenderFore...
  Executing DeployModule#RenderSpecial...
  Executing DeployModule#RenderWeapon...
  Executing DeployModule#UniversalCredits.setMintIsActive...

[15A[0JBatch #2
  Executed DeployModule#AIEncounters
  Executed DeployModule#AllowMapEditor
  Executing DeployModule#CreateStarterMap...
  Executing DeployModule#DroneEnergyCores.setMintIsActive...
  Executing DeployModule#DroneStorefront...
  Executing DeployModule#GameBlobRegistry...
  Executing DeployModule#NodeMap...
  Executing DeployModule#RenderAft...
  Executing DeployModule#RenderBody...
  Executing DeployModule#RenderFore...
  Executing DeployModule#RenderSpecial...
  Executing DeployModule#RenderWeapon...
  Executing DeployModule#UniversalCredits.setMintIsActive...

[15A[0JBatch #2
  Executed DeployModule#AIEncounters
  Executed DeployModule#AllowMapEditor
  Executed DeployModule#CreateStarterMap
  Executing DeployModule#DroneEnergyCores.setMintIsActive...
  Executing DeployModule#DroneStorefront...
  Executing DeployModule#GameBlobRegistry...
  Executing DeployModule#NodeMap...
  Executing DeployModule#RenderAft...
  Executing DeployModule#RenderBody...
  Executing DeployModule#RenderFore...
  Executing DeployModule#RenderSpecial...
  Executing DeployModule#RenderWeapon...
  Executing DeployModule#UniversalCredits.setMintIsActive...

[15A[0JBatch #2
  Executed DeployModule#AIEncounters
  Executed DeployModule#AllowMapEditor
  Executed DeployModule#CreateStarterMap
  Executed DeployModule#DroneEnergyCores.setMintIsActive
  Executing DeployModule#DroneStorefront...
  Executing DeployModule#GameBlobRegistry...
  Executing DeployModule#NodeMap...
  Executing DeployModule#RenderAft...
  Executing DeployModule#RenderBody...
  Executing DeployModule#RenderFore...
  Executing DeployModule#RenderSpecial...
  Executing DeployModule#RenderWeapon...
  Executing DeployModule#UniversalCredits.setMintIsActive...

[15A[0JBatch #2
  Executed DeployModule#AIEncounters
  Executed DeployModule#AllowMapEditor
  Executed DeployModule#CreateStarterMap
  Executed DeployModule#DroneEnergyCores.setMintIsActive
  Executed DeployModule#DroneStorefront
  Executing DeployModule#GameBlobRegistry...
  Executing DeployModule#NodeMap...
  Executing DeployModule#RenderAft...
  Executing DeployModule#RenderBody...
  Executing DeployModule#RenderFore...
  Executing DeployModule#RenderSpecial...
  Executing DeployModule#RenderWeapon...
  Executing DeployModule#UniversalCredits.setMintIsActive...

[15A[0JBatch #2
  Executed DeployModule#AIEncounters
  Executed DeployModule#AllowMapEditor
  Executed DeployModule#CreateStarterMap
  Executed DeployModule#DroneEnergyCores.setMintIsActive
  Executed DeployModule#DroneStorefront
  Executed DeployModule#GameBlobRegistry
  Executing DeployModule#NodeMap...
  Executing DeployModule#RenderAft...
  Executing DeployModule#RenderBody...
  Executing DeployModule#RenderFore...
  Executing DeployModule#RenderSpecial...
  Executing DeployModule#RenderWeapon...
  Executing DeployModule#UniversalCredits.setMintIsActive...

[15A[0JBatch #2
  Executed DeployModule#AIEncounters
  Executed DeployModule#AllowMapEditor
  Executed DeployModule#CreateStarterMap
  Executed DeployModule#DroneEnergyCores.setMintIsActive
  Executed DeployModule#DroneStorefront
  Executed DeployModule#GameBlobRegistry
  Executed DeployModule#NodeMap
  Executing DeployModule#RenderAft...
  Executing DeployModule#RenderBody...
  Executing DeployModule#RenderFore...
  Executing DeployModule#RenderSpecial...
  Executing DeployModule#RenderWeapon...
  Executing DeployModule#UniversalCredits.setMintIsActive...

[15A[0JBatch #2
  Executed DeployModule#AIEncounters
  Executed DeployModule#AllowMapEditor
  Executed DeployModule#CreateStarterMap
  Executed DeployModule#DroneEnergyCores.setMintIsActive
  Executed DeployModule#DroneStorefront
  Executed DeployModule#GameBlobRegistry
  Executed DeployModule#NodeMap
  Executed DeployModule#RenderAft
  Executing DeployModule#RenderBody...
  Executing DeployModule#RenderFore...
  Executing DeployModule#RenderSpecial...
  Executing DeployModule#RenderWeapon...
  Executing DeployModule#UniversalCredits.setMintIsActive...

[15A[0JBatch #2
  Executed DeployModule#AIEncounters
  Executed DeployModule#AllowMapEditor
  Executed DeployModule#CreateStarterMap
  Executed DeployModule#DroneEnergyCores.setMintIsActive
  Executed DeployModule#DroneStorefront
  Executed DeployModule#GameBlobRegistry
  Executed DeployModule#NodeMap
  Executed DeployModule#RenderAft
  Executed DeployModule#RenderBody
  Executing DeployModule#RenderFore...
  Executing DeployModule#RenderSpecial...
  Executing DeployModule#RenderWeapon...
  Executing DeployModule#UniversalCredits.setMintIsActive...

[15A[0JBatch #2
  Executed DeployModule#AIEncounters
  Executed DeployModule#AllowMapEditor
  Executed DeployModule#CreateStarterMap
  Executed DeployModule#DroneEnergyCores.setMintIsActive
  Executed DeployModule#DroneStorefront
  Executed DeployModule#GameBlobRegistry
  Executed DeployModule#NodeMap
  Executed DeployModule#RenderAft
  Executed DeployModule#RenderBody
  Executed DeployModule#RenderFore
  Executing DeployModule#RenderSpecial...
  Executing DeployModule#RenderWeapon...
  Executing DeployModule#UniversalCredits.setMintIsActive...

[15A[0JBatch #2
  Executed DeployModule#AIEncounters
  Executed DeployModule#AllowMapEditor
  Executed DeployModule#CreateStarterMap
  Executed DeployModule#DroneEnergyCores.setMintIsActive
  Executed DeployModule#DroneStorefront
  Executed DeployModule#GameBlobRegistry
  Executed DeployModule#NodeMap
  Executed DeployModule#RenderAft
  Executed DeployModule#RenderBody
  Executed DeployModule#RenderFore
  Executed DeployModule#RenderSpecial
  Executing DeployModule#RenderWeapon...
  Executing DeployModule#UniversalCredits.setMintIsActive...

[15A[0JBatch #2
  Executed DeployModule#AIEncounters
  Executed DeployModule#AllowMapEditor
  Executed DeployModule#CreateStarterMap
  Executed DeployModule#DroneEnergyCores.setMintIsActive
  Executed DeployModule#DroneStorefront
  Executed DeployModule#GameBlobRegistry
  Executed DeployModule#NodeMap
  Executed DeployModule#RenderAft
  Executed DeployModule#RenderBody
  Executed DeployModule#RenderFore
  Executed DeployModule#RenderSpecial
  Executed DeployModule#RenderWeapon
  Executing DeployModule#UniversalCredits.setMintIsActive...

[15A[0JBatch #2
  Executed DeployModule#AIEncounters
  Executed DeployModule#AllowMapEditor
  Executed DeployModule#CreateStarterMap
  Executed DeployModule#DroneEnergyCores.setMintIsActive
  Executed DeployModule#DroneStorefront
  Executed DeployModule#GameBlobRegistry
  Executed DeployModule#NodeMap
  Executed DeployModule#RenderAft
  Executed DeployModule#RenderBody
  Executed DeployModule#RenderFore
  Executed DeployModule#RenderSpecial
  Executed DeployModule#RenderWeapon
  Executed DeployModule#UniversalCredits.setMintIsActive

[15A[0JBatch #2
  Executed DeployModule#AIEncounters
  Executed DeployModule#AllowMapEditor
  Executed DeployModule#CreateStarterMap
  Executed DeployModule#DroneEnergyCores.setMintIsActive
  Executed DeployModule#DroneStorefront
  Executed DeployModule#GameBlobRegistry
  Executed DeployModule#NodeMap
  Executed DeployModule#RenderAft
  Executed DeployModule#RenderBody
  Executed DeployModule#RenderFore
  Executed DeployModule#RenderSpecial
  Executed DeployModule#RenderWeapon
  Executed DeployModule#UniversalCredits.setMintIsActive

Batch #3
  Executing DeployModule#AllowAIEncounterEditor...
  Executing DeployModule#AllowNodeEditor...
  Executing DeployModule#CreateAggressorAIShipConfig...
  Executing DeployModule#CreateGruntAIShipConfig...
  Executing DeployModule#CreateNebulaMap...
  Executing DeployModule#CreateNode1...
  Executing DeployModule#CreateSniperAIShipConfig...
  Executing DeployModule#CreateSupportAIShipConfig...
  Executing DeployModule#CreateTurtleAIShipConfig...
  Executing DeployModule#DroneEnergyCores.setTransferExemptAddress...
  Executing DeployModule#ImageRenderer...
  Executing DeployModule#TransferDroneStorefrontOwnership...
  Executing DeployModule#TransferGameBlobRegistryOwnership...

[15A[0JBatch #3
  Executing DeployModule#AllowAIEncounterEditor...
  Executing DeployModule#AllowNodeEditor...
  Executing DeployModule#CreateAggressorAIShipConfig...
  Executing DeployModule#CreateGruntAIShipConfig...
  Executing DeployModule#CreateNebulaMap...
  Executing DeployModule#CreateNode1...
  Executing DeployModule#CreateSniperAIShipConfig...
  Executing DeployModule#CreateSupportAIShipConfig...
  Executing DeployModule#CreateTurtleAIShipConfig...
  Executing DeployModule#DroneEnergyCores.setTransferExemptAddress...
  Executing DeployModule#ImageRenderer...
  Executing DeployModule#TransferDroneStorefrontOwnership...
  Executing DeployModule#TransferGameBlobRegistryOwnership...

[15A[0JBatch #3
  Executing DeployModule#AllowAIEncounterEditor...
  Executing DeployModule#AllowNodeEditor...
  Executing DeployModule#CreateAggressorAIShipConfig...
  Executing DeployModule#CreateGruntAIShipConfig...
  Executing DeployModule#CreateNebulaMap...
  Executing DeployModule#CreateNode1...
  Executing DeployModule#CreateSniperAIShipConfig...
  Executing DeployModule#CreateSupportAIShipConfig...
  Executing DeployModule#CreateTurtleAIShipConfig...
  Executing DeployModule#DroneEnergyCores.setTransferExemptAddress...
  Executing DeployModule#ImageRenderer...
  Executing DeployModule#TransferDroneStorefrontOwnership...
  Executing DeployModule#TransferGameBlobRegistryOwnership...

[15A[0JBatch #3
  Executing DeployModule#AllowAIEncounterEditor...
  Executing DeployModule#AllowNodeEditor...
  Executing DeployModule#CreateAggressorAIShipConfig...
  Executing DeployModule#CreateGruntAIShipConfig...
  Executing DeployModule#CreateNebulaMap...
  Executing DeployModule#CreateNode1...
  Executing DeployModule#CreateSniperAIShipConfig...
  Executing DeployModule#CreateSupportAIShipConfig...
  Executing DeployModule#CreateTurtleAIShipConfig...
  Executing DeployModule#DroneEnergyCores.setTransferExemptAddress...
  Executing DeployModule#ImageRenderer...
  Executing DeployModule#TransferDroneStorefrontOwnership...
  Executing DeployModule#TransferGameBlobRegistryOwnership...

[15A[0JBatch #3
  Executing DeployModule#AllowAIEncounterEditor...
  Executing DeployModule#AllowNodeEditor...
  Executing DeployModule#CreateAggressorAIShipConfig...
  Executing DeployModule#CreateGruntAIShipConfig...
  Executing DeployModule#CreateNebulaMap...
  Executing DeployModule#CreateNode1...
  Executing DeployModule#CreateSniperAIShipConfig...
  Executing DeployModule#CreateSupportAIShipConfig...
  Executing DeployModule#CreateTurtleAIShipConfig...
  Executing DeployModule#DroneEnergyCores.setTransferExemptAddress...
  Executing DeployModule#ImageRenderer...
  Executing DeployModule#TransferDroneStorefrontOwnership...
  Executing DeployModule#TransferGameBlobRegistryOwnership...

[15A[0JBatch #3
  Executing DeployModule#AllowAIEncounterEditor...
  Executing DeployModule#AllowNodeEditor...
  Executing DeployModule#CreateAggressorAIShipConfig...
  Executing DeployModule#CreateGruntAIShipConfig...
  Executing DeployModule#CreateNebulaMap...
  Executing DeployModule#CreateNode1...
  Executing DeployModule#CreateSniperAIShipConfig...
  Executing DeployModule#CreateSupportAIShipConfig...
  Executing DeployModule#CreateTurtleAIShipConfig...
  Executing DeployModule#DroneEnergyCores.setTransferExemptAddress...
  Executing DeployModule#ImageRenderer...
  Executing DeployModule#TransferDroneStorefrontOwnership...
  Executing DeployModule#TransferGameBlobRegistryOwnership...

[15A[0JBatch #3
  Executing DeployModule#AllowAIEncounterEditor...
  Executing DeployModule#AllowNodeEditor...
  Executing DeployModule#CreateAggressorAIShipConfig...
  Executing DeployModule#CreateGruntAIShipConfig...
  Executing DeployModule#CreateNebulaMap...
  Executing DeployModule#CreateNode1...
  Executing DeployModule#CreateSniperAIShipConfig...
  Executing DeployModule#CreateSupportAIShipConfig...
  Executing DeployModule#CreateTurtleAIShipConfig...
  Executing DeployModule#DroneEnergyCores.setTransferExemptAddress...
  Executing DeployModule#ImageRenderer...
  Executing DeployModule#TransferDroneStorefrontOwnership...
  Executing DeployModule#TransferGameBlobRegistryOwnership...

[15A[0JBatch #3
  Executing DeployModule#AllowAIEncounterEditor...
  Executing DeployModule#AllowNodeEditor...
  Executing DeployModule#CreateAggressorAIShipConfig...
  Executing DeployModule#CreateGruntAIShipConfig...
  Executing DeployModule#CreateNebulaMap...
  Executing DeployModule#CreateNode1...
  Executing DeployModule#CreateSniperAIShipConfig...
  Executing DeployModule#CreateSupportAIShipConfig...
  Executing DeployModule#CreateTurtleAIShipConfig...
  Executing DeployModule#DroneEnergyCores.setTransferExemptAddress...
  Executing DeployModule#ImageRenderer...
  Executing DeployModule#TransferDroneStorefrontOwnership...
  Executing DeployModule#TransferGameBlobRegistryOwnership...

[15A[0JBatch #3
  Executing DeployModule#AllowAIEncounterEditor...
  Executing DeployModule#AllowNodeEditor...
  Executing DeployModule#CreateAggressorAIShipConfig...
  Executing DeployModule#CreateGruntAIShipConfig...
  Executing DeployModule#CreateNebulaMap...
  Executing DeployModule#CreateNode1...
  Executing DeployModule#CreateSniperAIShipConfig...
  Executing DeployModule#CreateSupportAIShipConfig...
  Executing DeployModule#CreateTurtleAIShipConfig...
  Executing DeployModule#DroneEnergyCores.setTransferExemptAddress...
  Executing DeployModule#ImageRenderer...
  Executing DeployModule#TransferDroneStorefrontOwnership...
  Executing DeployModule#TransferGameBlobRegistryOwnership...

[15A[0JBatch #3
  Executing DeployModule#AllowAIEncounterEditor...
  Executing DeployModule#AllowNodeEditor...
  Executing DeployModule#CreateAggressorAIShipConfig...
  Executing DeployModule#CreateGruntAIShipConfig...
  Executing DeployModule#CreateNebulaMap...
  Executing DeployModule#CreateNode1...
  Executing DeployModule#CreateSniperAIShipConfig...
  Executing DeployModule#CreateSupportAIShipConfig...
  Executing DeployModule#CreateTurtleAIShipConfig...
  Executing DeployModule#DroneEnergyCores.setTransferExemptAddress...
  Executing DeployModule#ImageRenderer...
  Executing DeployModule#TransferDroneStorefrontOwnership...
  Executing DeployModule#TransferGameBlobRegistryOwnership...

[15A[0JBatch #3
  Executing DeployModule#AllowAIEncounterEditor...
  Executing DeployModule#AllowNodeEditor...
  Executing DeployModule#CreateAggressorAIShipConfig...
  Executing DeployModule#CreateGruntAIShipConfig...
  Executing DeployModule#CreateNebulaMap...
  Executing DeployModule#CreateNode1...
  Executing DeployModule#CreateSniperAIShipConfig...
  Executing DeployModule#CreateSupportAIShipConfig...
  Executing DeployModule#CreateTurtleAIShipConfig...
  Executing DeployModule#DroneEnergyCores.setTransferExemptAddress...
  Executing DeployModule#ImageRenderer...
  Executing DeployModule#TransferDroneStorefrontOwnership...
  Executing DeployModule#TransferGameBlobRegistryOwnership...

[15A[0JBatch #3
  Executing DeployModule#AllowAIEncounterEditor...
  Executing DeployModule#AllowNodeEditor...
  Executing DeployModule#CreateAggressorAIShipConfig...
  Executing DeployModule#CreateGruntAIShipConfig...
  Executing DeployModule#CreateNebulaMap...
  Executing DeployModule#CreateNode1...
  Executing DeployModule#CreateSniperAIShipConfig...
  Executing DeployModule#CreateSupportAIShipConfig...
  Executing DeployModule#CreateTurtleAIShipConfig...
  Executing DeployModule#DroneEnergyCores.setTransferExemptAddress...
  Executing DeployModule#ImageRenderer...
  Executing DeployModule#TransferDroneStorefrontOwnership...
  Executing DeployModule#TransferGameBlobRegistryOwnership...

[15A[0JBatch #3
  Executing DeployModule#AllowAIEncounterEditor...
  Executing DeployModule#AllowNodeEditor...
  Executing DeployModule#CreateAggressorAIShipConfig...
  Executing DeployModule#CreateGruntAIShipConfig...
  Executing DeployModule#CreateNebulaMap...
  Executing DeployModule#CreateNode1...
  Executing DeployModule#CreateSniperAIShipConfig...
  Executing DeployModule#CreateSupportAIShipConfig...
  Executing DeployModule#CreateTurtleAIShipConfig...
  Executing DeployModule#DroneEnergyCores.setTransferExemptAddress...
  Executing DeployModule#ImageRenderer...
  Executing DeployModule#TransferDroneStorefrontOwnership...
  Executing DeployModule#TransferGameBlobRegistryOwnership...

[15A[0JBatch #3
  Executing DeployModule#AllowAIEncounterEditor...
  Executing DeployModule#AllowNodeEditor...
  Executing DeployModule#CreateAggressorAIShipConfig...
  Executing DeployModule#CreateGruntAIShipConfig...
  Executing DeployModule#CreateNebulaMap...
  Executing DeployModule#CreateNode1...
  Executing DeployModule#CreateSniperAIShipConfig...
  Executing DeployModule#CreateSupportAIShipConfig...
  Executing DeployModule#CreateTurtleAIShipConfig...
  Executing DeployModule#DroneEnergyCores.setTransferExemptAddress...
  Executing DeployModule#ImageRenderer...
  Executing DeployModule#TransferDroneStorefrontOwnership...
  Executing DeployModule#TransferGameBlobRegistryOwnership...

[15A[0JBatch #3
  Executed DeployModule#AllowAIEncounterEditor
  Executing DeployModule#AllowNodeEditor...
  Executing DeployModule#CreateAggressorAIShipConfig...
  Executing DeployModule#CreateGruntAIShipConfig...
  Executing DeployModule#CreateNebulaMap...
  Executing DeployModule#CreateNode1...
  Executing DeployModule#CreateSniperAIShipConfig...
  Executing DeployModule#CreateSupportAIShipConfig...
  Executing DeployModule#CreateTurtleAIShipConfig...
  Executing DeployModule#DroneEnergyCores.setTransferExemptAddress...
  Executing DeployModule#ImageRenderer...
  Executing DeployModule#TransferDroneStorefrontOwnership...
  Executing DeployModule#TransferGameBlobRegistryOwnership...

[15A[0JBatch #3
  Executed DeployModule#AllowAIEncounterEditor
  Executed DeployModule#AllowNodeEditor
  Executing DeployModule#CreateAggressorAIShipConfig...
  Executing DeployModule#CreateGruntAIShipConfig...
  Executing DeployModule#CreateNebulaMap...
  Executing DeployModule#CreateNode1...
  Executing DeployModule#CreateSniperAIShipConfig...
  Executing DeployModule#CreateSupportAIShipConfig...
  Executing DeployModule#CreateTurtleAIShipConfig...
  Executing DeployModule#DroneEnergyCores.setTransferExemptAddress...
  Executing DeployModule#ImageRenderer...
  Executing DeployModule#TransferDroneStorefrontOwnership...
  Executing DeployModule#TransferGameBlobRegistryOwnership...

[15A[0JBatch #3
  Executed DeployModule#AllowAIEncounterEditor
  Executed DeployModule#AllowNodeEditor
  Executed DeployModule#CreateAggressorAIShipConfig
  Executing DeployModule#CreateGruntAIShipConfig...
  Executing DeployModule#CreateNebulaMap...
  Executing DeployModule#CreateNode1...
  Executing DeployModule#CreateSniperAIShipConfig...
  Executing DeployModule#CreateSupportAIShipConfig...
  Executing DeployModule#CreateTurtleAIShipConfig...
  Executing DeployModule#DroneEnergyCores.setTransferExemptAddress...
  Executing DeployModule#ImageRenderer...
  Executing DeployModule#TransferDroneStorefrontOwnership...
  Executing DeployModule#TransferGameBlobRegistryOwnership...

[15A[0JBatch #3
  Executed DeployModule#AllowAIEncounterEditor
  Executed DeployModule#AllowNodeEditor
  Executed DeployModule#CreateAggressorAIShipConfig
  Executed DeployModule#CreateGruntAIShipConfig
  Executing DeployModule#CreateNebulaMap...
  Executing DeployModule#CreateNode1...
  Executing DeployModule#CreateSniperAIShipConfig...
  Executing DeployModule#CreateSupportAIShipConfig...
  Executing DeployModule#CreateTurtleAIShipConfig...
  Executing DeployModule#DroneEnergyCores.setTransferExemptAddress...
  Executing DeployModule#ImageRenderer...
  Executing DeployModule#TransferDroneStorefrontOwnership...
  Executing DeployModule#TransferGameBlobRegistryOwnership...

[15A[0JBatch #3
  Executed DeployModule#AllowAIEncounterEditor
  Executed DeployModule#AllowNodeEditor
  Executed DeployModule#CreateAggressorAIShipConfig
  Executed DeployModule#CreateGruntAIShipConfig
  Executed DeployModule#CreateNebulaMap
  Executing DeployModule#CreateNode1...
  Executing DeployModule#CreateSniperAIShipConfig...
  Executing DeployModule#CreateSupportAIShipConfig...
  Executing DeployModule#CreateTurtleAIShipConfig...
  Executing DeployModule#DroneEnergyCores.setTransferExemptAddress...
  Executing DeployModule#ImageRenderer...
  Executing DeployModule#TransferDroneStorefrontOwnership...
  Executing DeployModule#TransferGameBlobRegistryOwnership...

[15A[0JBatch #3
  Executed DeployModule#AllowAIEncounterEditor
  Executed DeployModule#AllowNodeEditor
  Executed DeployModule#CreateAggressorAIShipConfig
  Executed DeployModule#CreateGruntAIShipConfig
  Executed DeployModule#CreateNebulaMap
  Executed DeployModule#CreateNode1
  Executing DeployModule#CreateSniperAIShipConfig...
  Executing DeployModule#CreateSupportAIShipConfig...
  Executing DeployModule#CreateTurtleAIShipConfig...
  Executing DeployModule#DroneEnergyCores.setTransferExemptAddress...
  Executing DeployModule#ImageRenderer...
  Executing DeployModule#TransferDroneStorefrontOwnership...
  Executing DeployModule#TransferGameBlobRegistryOwnership...

[15A[0JBatch #3
  Executed DeployModule#AllowAIEncounterEditor
  Executed DeployModule#AllowNodeEditor
  Executed DeployModule#CreateAggressorAIShipConfig
  Executed DeployModule#CreateGruntAIShipConfig
  Executed DeployModule#CreateNebulaMap
  Executed DeployModule#CreateNode1
  Executed DeployModule#CreateSniperAIShipConfig
  Executing DeployModule#CreateSupportAIShipConfig...
  Executing DeployModule#CreateTurtleAIShipConfig...
  Executing DeployModule#DroneEnergyCores.setTransferExemptAddress...
  Executing DeployModule#ImageRenderer...
  Executing DeployModule#TransferDroneStorefrontOwnership...
  Executing DeployModule#TransferGameBlobRegistryOwnership...

[15A[0JBatch #3
  Executed DeployModule#AllowAIEncounterEditor
  Executed DeployModule#AllowNodeEditor
  Executed DeployModule#CreateAggressorAIShipConfig
  Executed DeployModule#CreateGruntAIShipConfig
  Executed DeployModule#CreateNebulaMap
  Executed DeployModule#CreateNode1
  Executed DeployModule#CreateSniperAIShipConfig
  Executed DeployModule#CreateSupportAIShipConfig
  Executing DeployModule#CreateTurtleAIShipConfig...
  Executing DeployModule#DroneEnergyCores.setTransferExemptAddress...
  Executing DeployModule#ImageRenderer...
  Executing DeployModule#TransferDroneStorefrontOwnership...
  Executing DeployModule#TransferGameBlobRegistryOwnership...

[15A[0JBatch #3
  Executed DeployModule#AllowAIEncounterEditor
  Executed DeployModule#AllowNodeEditor
  Executed DeployModule#CreateAggressorAIShipConfig
  Executed DeployModule#CreateGruntAIShipConfig
  Executed DeployModule#CreateNebulaMap
  Executed DeployModule#CreateNode1
  Executed DeployModule#CreateSniperAIShipConfig
  Executed DeployModule#CreateSupportAIShipConfig
  Executed DeployModule#CreateTurtleAIShipConfig
  Executing DeployModule#DroneEnergyCores.setTransferExemptAddress...
  Executing DeployModule#ImageRenderer...
  Executing DeployModule#TransferDroneStorefrontOwnership...
  Executing DeployModule#TransferGameBlobRegistryOwnership...

[15A[0JBatch #3
  Executed DeployModule#AllowAIEncounterEditor
  Executed DeployModule#AllowNodeEditor
  Executed DeployModule#CreateAggressorAIShipConfig
  Executed DeployModule#CreateGruntAIShipConfig
  Executed DeployModule#CreateNebulaMap
  Executed DeployModule#CreateNode1
  Executed DeployModule#CreateSniperAIShipConfig
  Executed DeployModule#CreateSupportAIShipConfig
  Executed DeployModule#CreateTurtleAIShipConfig
  Executed DeployModule#DroneEnergyCores.setTransferExemptAddress
  Executing DeployModule#ImageRenderer...
  Executing DeployModule#TransferDroneStorefrontOwnership...
  Executing DeployModule#TransferGameBlobRegistryOwnership...

[15A[0JBatch #3
  Executed DeployModule#AllowAIEncounterEditor
  Executed DeployModule#AllowNodeEditor
  Executed DeployModule#CreateAggressorAIShipConfig
  Executed DeployModule#CreateGruntAIShipConfig
  Executed DeployModule#CreateNebulaMap
  Executed DeployModule#CreateNode1
  Executed DeployModule#CreateSniperAIShipConfig
  Executed DeployModule#CreateSupportAIShipConfig
  Executed DeployModule#CreateTurtleAIShipConfig
  Executed DeployModule#DroneEnergyCores.setTransferExemptAddress
  Executed DeployModule#ImageRenderer
  Executing DeployModule#TransferDroneStorefrontOwnership...
  Executing DeployModule#TransferGameBlobRegistryOwnership...

[15A[0JBatch #3
  Executed DeployModule#AllowAIEncounterEditor
  Executed DeployModule#AllowNodeEditor
  Executed DeployModule#CreateAggressorAIShipConfig
  Executed DeployModule#CreateGruntAIShipConfig
  Executed DeployModule#CreateNebulaMap
  Executed DeployModule#CreateNode1
  Executed DeployModule#CreateSniperAIShipConfig
  Executed DeployModule#CreateSupportAIShipConfig
  Executed DeployModule#CreateTurtleAIShipConfig
  Executed DeployModule#DroneEnergyCores.setTransferExemptAddress
  Executed DeployModule#ImageRenderer
  Executed DeployModule#TransferDroneStorefrontOwnership
  Executing DeployModule#TransferGameBlobRegistryOwnership...

[15A[0JBatch #3
  Executed DeployModule#AllowAIEncounterEditor
  Executed DeployModule#AllowNodeEditor
  Executed DeployModule#CreateAggressorAIShipConfig
  Executed DeployModule#CreateGruntAIShipConfig
  Executed DeployModule#CreateNebulaMap
  Executed DeployModule#CreateNode1
  Executed DeployModule#CreateSniperAIShipConfig
  Executed DeployModule#CreateSupportAIShipConfig
  Executed DeployModule#CreateTurtleAIShipConfig
  Executed DeployModule#DroneEnergyCores.setTransferExemptAddress
  Executed DeployModule#ImageRenderer
  Executed DeployModule#TransferDroneStorefrontOwnership
  Executed DeployModule#TransferGameBlobRegistryOwnership

[15A[0JBatch #3
  Executed DeployModule#AllowAIEncounterEditor
  Executed DeployModule#AllowNodeEditor
  Executed DeployModule#CreateAggressorAIShipConfig
  Executed DeployModule#CreateGruntAIShipConfig
  Executed DeployModule#CreateNebulaMap
  Executed DeployModule#CreateNode1
  Executed DeployModule#CreateSniperAIShipConfig
  Executed DeployModule#CreateSupportAIShipConfig
  Executed DeployModule#CreateTurtleAIShipConfig
  Executed DeployModule#DroneEnergyCores.setTransferExemptAddress
  Executed DeployModule#ImageRenderer
  Executed DeployModule#TransferDroneStorefrontOwnership
  Executed DeployModule#TransferGameBlobRegistryOwnership

Batch #4
  Executing DeployModule#CreateNode2...
  Executing DeployModule#CreateOutpostMap...
  Executing DeployModule#ReadAggressorConfigId...
  Executing DeployModule#ReadGruntConfigId...
  Executing DeployModule#ReadSniperConfigId...
  Executing DeployModule#ReadSupportConfigId...
  Executing DeployModule#ReadTurtleConfigId...
  Executing DeployModule#RenderMetadata...

[10A[0JBatch #4
  Executing DeployModule#CreateNode2...
  Executing DeployModule#CreateOutpostMap...
  Executing DeployModule#ReadAggressorConfigId...
  Executing DeployModule#ReadGruntConfigId...
  Executing DeployModule#ReadSniperConfigId...
  Executing DeployModule#ReadSupportConfigId...
  Executing DeployModule#ReadTurtleConfigId...
  Executing DeployModule#RenderMetadata...

[10A[0JBatch #4
  Executing DeployModule#CreateNode2...
  Executing DeployModule#CreateOutpostMap...
  Executing DeployModule#ReadAggressorConfigId...
  Executing DeployModule#ReadGruntConfigId...
  Executing DeployModule#ReadSniperConfigId...
  Executing DeployModule#ReadSupportConfigId...
  Executing DeployModule#ReadTurtleConfigId...
  Executing DeployModule#RenderMetadata...

[10A[0JBatch #4
  Executing DeployModule#CreateNode2...
  Executing DeployModule#CreateOutpostMap...
  Executed DeployModule#ReadAggressorConfigId
  Executing DeployModule#ReadGruntConfigId...
  Executing DeployModule#ReadSniperConfigId...
  Executing DeployModule#ReadSupportConfigId...
  Executing DeployModule#ReadTurtleConfigId...
  Executing DeployModule#RenderMetadata...

[10A[0JBatch #4
  Executing DeployModule#CreateNode2...
  Executing DeployModule#CreateOutpostMap...
  Executed DeployModule#ReadAggressorConfigId
  Executed DeployModule#ReadGruntConfigId
  Executing DeployModule#ReadSniperConfigId...
  Executing DeployModule#ReadSupportConfigId...
  Executing DeployModule#ReadTurtleConfigId...
  Executing DeployModule#RenderMetadata...

[10A[0JBatch #4
  Executing DeployModule#CreateNode2...
  Executing DeployModule#CreateOutpostMap...
  Executed DeployModule#ReadAggressorConfigId
  Executed DeployModule#ReadGruntConfigId
  Executed DeployModule#ReadSniperConfigId
  Executing DeployModule#ReadSupportConfigId...
  Executing DeployModule#ReadTurtleConfigId...
  Executing DeployModule#RenderMetadata...

[10A[0JBatch #4
  Executing DeployModule#CreateNode2...
  Executing DeployModule#CreateOutpostMap...
  Executed DeployModule#ReadAggressorConfigId
  Executed DeployModule#ReadGruntConfigId
  Executed DeployModule#ReadSniperConfigId
  Executed DeployModule#ReadSupportConfigId
  Executing DeployModule#ReadTurtleConfigId...
  Executing DeployModule#RenderMetadata...

[10A[0JBatch #4
  Executing DeployModule#CreateNode2...
  Executing DeployModule#CreateOutpostMap...
  Executed DeployModule#ReadAggressorConfigId
  Executed DeployModule#ReadGruntConfigId
  Executed DeployModule#ReadSniperConfigId
  Executed DeployModule#ReadSupportConfigId
  Executed DeployModule#ReadTurtleConfigId
  Executing DeployModule#RenderMetadata...

[10A[0JBatch #4
  Executing DeployModule#CreateNode2...
  Executing DeployModule#CreateOutpostMap...
  Executed DeployModule#ReadAggressorConfigId
  Executed DeployModule#ReadGruntConfigId
  Executed DeployModule#ReadSniperConfigId
  Executed DeployModule#ReadSupportConfigId
  Executed DeployModule#ReadTurtleConfigId
  Executing DeployModule#RenderMetadata...

[10A[0JBatch #4
  Executed DeployModule#CreateNode2
  Executing DeployModule#CreateOutpostMap...
  Executed DeployModule#ReadAggressorConfigId
  Executed DeployModule#ReadGruntConfigId
  Executed DeployModule#ReadSniperConfigId
  Executed DeployModule#ReadSupportConfigId
  Executed DeployModule#ReadTurtleConfigId
  Executing DeployModule#RenderMetadata...

[10A[0JBatch #4
  Executed DeployModule#CreateNode2
  Executed DeployModule#CreateOutpostMap
  Executed DeployModule#ReadAggressorConfigId
  Executed DeployModule#ReadGruntConfigId
  Executed DeployModule#ReadSniperConfigId
  Executed DeployModule#ReadSupportConfigId
  Executed DeployModule#ReadTurtleConfigId
  Executing DeployModule#RenderMetadata...

[10A[0JBatch #4
  Executed DeployModule#CreateNode2
  Executed DeployModule#CreateOutpostMap
  Executed DeployModule#ReadAggressorConfigId
  Executed DeployModule#ReadGruntConfigId
  Executed DeployModule#ReadSniperConfigId
  Executed DeployModule#ReadSupportConfigId
  Executed DeployModule#ReadTurtleConfigId
  Executed DeployModule#RenderMetadata

[10A[0JBatch #4
  Executed DeployModule#CreateNode2
  Executed DeployModule#CreateOutpostMap
  Executed DeployModule#ReadAggressorConfigId
  Executed DeployModule#ReadGruntConfigId
  Executed DeployModule#ReadSniperConfigId
  Executed DeployModule#ReadSupportConfigId
  Executed DeployModule#ReadTurtleConfigId
  Executed DeployModule#RenderMetadata

Batch #5
  Executing DeployModule#CreateJunkyardMap...
  Executing DeployModule#CreateOutpost...
  Executing DeployModule#PlaceNebulaAIFleet...
  Executing DeployModule#PlaceOutpostAIFleet...
  Executing DeployModule#PlaceStarterAIFleet...
  Executing DeployModule#Ships...

[8A[0JBatch #5
  Executing DeployModule#CreateJunkyardMap...
  Executing DeployModule#CreateOutpost...
  Executing DeployModule#PlaceNebulaAIFleet...
  Executing DeployModule#PlaceOutpostAIFleet...
  Executing DeployModule#PlaceStarterAIFleet...
  Executing DeployModule#Ships...

[8A[0JBatch #5
  Executing DeployModule#CreateJunkyardMap...
  Executing DeployModule#CreateOutpost...
  Executing DeployModule#PlaceNebulaAIFleet...
  Executing DeployModule#PlaceOutpostAIFleet...
  Executing DeployModule#PlaceStarterAIFleet...
  Executing DeployModule#Ships...

[8A[0JBatch #5
  Executing DeployModule#CreateJunkyardMap...
  Executing DeployModule#CreateOutpost...
  Executing DeployModule#PlaceNebulaAIFleet...
  Executing DeployModule#PlaceOutpostAIFleet...
  Executing DeployModule#PlaceStarterAIFleet...
  Executing DeployModule#Ships...

[8A[0JBatch #5
  Executing DeployModule#CreateJunkyardMap...
  Executing DeployModule#CreateOutpost...
  Executing DeployModule#PlaceNebulaAIFleet...
  Executing DeployModule#PlaceOutpostAIFleet...
  Executing DeployModule#PlaceStarterAIFleet...
  Executing DeployModule#Ships...

[8A[0JBatch #5
  Executing DeployModule#CreateJunkyardMap...
  Executing DeployModule#CreateOutpost...
  Executing DeployModule#PlaceNebulaAIFleet...
  Executing DeployModule#PlaceOutpostAIFleet...
  Executing DeployModule#PlaceStarterAIFleet...
  Executing DeployModule#Ships...

[8A[0JBatch #5
  Executing DeployModule#CreateJunkyardMap...
  Executing DeployModule#CreateOutpost...
  Executing DeployModule#PlaceNebulaAIFleet...
  Executing DeployModule#PlaceOutpostAIFleet...
  Executing DeployModule#PlaceStarterAIFleet...
  Executing DeployModule#Ships...

[8A[0JBatch #5
  Executed DeployModule#CreateJunkyardMap
  Executing DeployModule#CreateOutpost...
  Executing DeployModule#PlaceNebulaAIFleet...
  Executing DeployModule#PlaceOutpostAIFleet...
  Executing DeployModule#PlaceStarterAIFleet...
  Executing DeployModule#Ships...

[8A[0JBatch #5
  Executed DeployModule#CreateJunkyardMap
  Executed DeployModule#CreateOutpost
  Executing DeployModule#PlaceNebulaAIFleet...
  Executing DeployModule#PlaceOutpostAIFleet...
  Executing DeployModule#PlaceStarterAIFleet...
  Executing DeployModule#Ships...

[8A[0JBatch #5
  Executed DeployModule#CreateJunkyardMap
  Executed DeployModule#CreateOutpost
  Executed DeployModule#PlaceNebulaAIFleet
  Executing DeployModule#PlaceOutpostAIFleet...
  Executing DeployModule#PlaceStarterAIFleet...
  Executing DeployModule#Ships...

[8A[0JBatch #5
  Executed DeployModule#CreateJunkyardMap
  Executed DeployModule#CreateOutpost
  Executed DeployModule#PlaceNebulaAIFleet
  Executed DeployModule#PlaceOutpostAIFleet
  Executing DeployModule#PlaceStarterAIFleet...
  Executing DeployModule#Ships...

[8A[0JBatch #5
  Executed DeployModule#CreateJunkyardMap
  Executed DeployModule#CreateOutpost
  Executed DeployModule#PlaceNebulaAIFleet
  Executed DeployModule#PlaceOutpostAIFleet
  Executed DeployModule#PlaceStarterAIFleet
  Executing DeployModule#Ships...

[8A[0JBatch #5
  Executed DeployModule#CreateJunkyardMap
  Executed DeployModule#CreateOutpost
  Executed DeployModule#PlaceNebulaAIFleet
  Executed DeployModule#PlaceOutpostAIFleet
  Executed DeployModule#PlaceStarterAIFleet
  Executed DeployModule#Ships

[8A[0JBatch #5
  Executed DeployModule#CreateJunkyardMap
  Executed DeployModule#CreateOutpost
  Executed DeployModule#PlaceNebulaAIFleet
  Executed DeployModule#PlaceOutpostAIFleet
  Executed DeployModule#PlaceStarterAIFleet
  Executed DeployModule#Ships

Batch #6
  Executing DeployModule#AllowFirebaseFlowMinterToCreateShips...
  Executing DeployModule#AuthorizeShipsToMint...
  Executing DeployModule#CreateAsteroidFieldMap...
  Executing DeployModule#CreateJunkyard...
  Executing DeployModule#Lobbies...
  Executing DeployModule#PlaceJunkyardAIFleet...
  Executing DeployModule#SetMaxVariantForTutorialShips...
  Executing DeployModule#ShipAttributes...
  Executing DeployModule#ShipPurchaser...
  Executing DeployModule#ShipsRouter...
  Executing DeployModule#TutorialClaim...

[13A[0JBatch #6
  Executing DeployModule#AllowFirebaseFlowMinterToCreateShips...
  Executing DeployModule#AuthorizeShipsToMint...
  Executing DeployModule#CreateAsteroidFieldMap...
  Executing DeployModule#CreateJunkyard...
  Executing DeployModule#Lobbies...
  Executing DeployModule#PlaceJunkyardAIFleet...
  Executing DeployModule#SetMaxVariantForTutorialShips...
  Executing DeployModule#ShipAttributes...
  Executing DeployModule#ShipPurchaser...
  Executing DeployModule#ShipsRouter...
  Executing DeployModule#TutorialClaim...

[13A[0JBatch #6
  Executing DeployModule#AllowFirebaseFlowMinterToCreateShips...
  Executing DeployModule#AuthorizeShipsToMint...
  Executing DeployModule#CreateAsteroidFieldMap...
  Executing DeployModule#CreateJunkyard...
  Executing DeployModule#Lobbies...
  Executing DeployModule#PlaceJunkyardAIFleet...
  Executing DeployModule#SetMaxVariantForTutorialShips...
  Executing DeployModule#ShipAttributes...
  Executing DeployModule#ShipPurchaser...
  Executing DeployModule#ShipsRouter...
  Executing DeployModule#TutorialClaim...

[13A[0JBatch #6
  Executing DeployModule#AllowFirebaseFlowMinterToCreateShips...
  Executing DeployModule#AuthorizeShipsToMint...
  Executing DeployModule#CreateAsteroidFieldMap...
  Executing DeployModule#CreateJunkyard...
  Executing DeployModule#Lobbies...
  Executing DeployModule#PlaceJunkyardAIFleet...
  Executing DeployModule#SetMaxVariantForTutorialShips...
  Executing DeployModule#ShipAttributes...
  Executing DeployModule#ShipPurchaser...
  Executing DeployModule#ShipsRouter...
  Executing DeployModule#TutorialClaim...

[13A[0JBatch #6
  Executing DeployModule#AllowFirebaseFlowMinterToCreateShips...
  Executing DeployModule#AuthorizeShipsToMint...
  Executing DeployModule#CreateAsteroidFieldMap...
  Executing DeployModule#CreateJunkyard...
  Executing DeployModule#Lobbies...
  Executing DeployModule#PlaceJunkyardAIFleet...
  Executing DeployModule#SetMaxVariantForTutorialShips...
  Executing DeployModule#ShipAttributes...
  Executing DeployModule#ShipPurchaser...
  Executing DeployModule#ShipsRouter...
  Executing DeployModule#TutorialClaim...

[13A[0JBatch #6
  Executing DeployModule#AllowFirebaseFlowMinterToCreateShips...
  Executing DeployModule#AuthorizeShipsToMint...
  Executing DeployModule#CreateAsteroidFieldMap...
  Executing DeployModule#CreateJunkyard...
  Executing DeployModule#Lobbies...
  Executing DeployModule#PlaceJunkyardAIFleet...
  Executing DeployModule#SetMaxVariantForTutorialShips...
  Executing DeployModule#ShipAttributes...
  Executing DeployModule#ShipPurchaser...
  Executing DeployModule#ShipsRouter...
  Executing DeployModule#TutorialClaim...

[13A[0JBatch #6
  Executing DeployModule#AllowFirebaseFlowMinterToCreateShips...
  Executing DeployModule#AuthorizeShipsToMint...
  Executing DeployModule#CreateAsteroidFieldMap...
  Executing DeployModule#CreateJunkyard...
  Executing DeployModule#Lobbies...
  Executing DeployModule#PlaceJunkyardAIFleet...
  Executing DeployModule#SetMaxVariantForTutorialShips...
  Executing DeployModule#ShipAttributes...
  Executing DeployModule#ShipPurchaser...
  Executing DeployModule#ShipsRouter...
  Executing DeployModule#TutorialClaim...

[13A[0JBatch #6
  Executing DeployModule#AllowFirebaseFlowMinterToCreateShips...
  Executing DeployModule#AuthorizeShipsToMint...
  Executing DeployModule#CreateAsteroidFieldMap...
  Executing DeployModule#CreateJunkyard...
  Executing DeployModule#Lobbies...
  Executing DeployModule#PlaceJunkyardAIFleet...
  Executing DeployModule#SetMaxVariantForTutorialShips...
  Executing DeployModule#ShipAttributes...
  Executing DeployModule#ShipPurchaser...
  Executing DeployModule#ShipsRouter...
  Executing DeployModule#TutorialClaim...

[13A[0JBatch #6
  Executing DeployModule#AllowFirebaseFlowMinterToCreateShips...
  Executing DeployModule#AuthorizeShipsToMint...
  Executing DeployModule#CreateAsteroidFieldMap...
  Executing DeployModule#CreateJunkyard...
  Executing DeployModule#Lobbies...
  Executing DeployModule#PlaceJunkyardAIFleet...
  Executing DeployModule#SetMaxVariantForTutorialShips...
  Executing DeployModule#ShipAttributes...
  Executing DeployModule#ShipPurchaser...
  Executing DeployModule#ShipsRouter...
  Executing DeployModule#TutorialClaim...

[13A[0JBatch #6
  Executing DeployModule#AllowFirebaseFlowMinterToCreateShips...
  Executing DeployModule#AuthorizeShipsToMint...
  Executing DeployModule#CreateAsteroidFieldMap...
  Executing DeployModule#CreateJunkyard...
  Executing DeployModule#Lobbies...
  Executing DeployModule#PlaceJunkyardAIFleet...
  Executing DeployModule#SetMaxVariantForTutorialShips...
  Executing DeployModule#ShipAttributes...
  Executing DeployModule#ShipPurchaser...
  Executing DeployModule#ShipsRouter...
  Executing DeployModule#TutorialClaim...

[13A[0JBatch #6
  Executing DeployModule#AllowFirebaseFlowMinterToCreateShips...
  Executing DeployModule#AuthorizeShipsToMint...
  Executing DeployModule#CreateAsteroidFieldMap...
  Executing DeployModule#CreateJunkyard...
  Executing DeployModule#Lobbies...
  Executing DeployModule#PlaceJunkyardAIFleet...
  Executing DeployModule#SetMaxVariantForTutorialShips...
  Executing DeployModule#ShipAttributes...
  Executing DeployModule#ShipPurchaser...
  Executing DeployModule#ShipsRouter...
  Executing DeployModule#TutorialClaim...

[13A[0JBatch #6
  Executing DeployModule#AllowFirebaseFlowMinterToCreateShips...
  Executing DeployModule#AuthorizeShipsToMint...
  Executing DeployModule#CreateAsteroidFieldMap...
  Executing DeployModule#CreateJunkyard...
  Executing DeployModule#Lobbies...
  Executing DeployModule#PlaceJunkyardAIFleet...
  Executing DeployModule#SetMaxVariantForTutorialShips...
  Executing DeployModule#ShipAttributes...
  Executing DeployModule#ShipPurchaser...
  Executing DeployModule#ShipsRouter...
  Executing DeployModule#TutorialClaim...

[13A[0JBatch #6
  Executed DeployModule#AllowFirebaseFlowMinterToCreateShips
  Executing DeployModule#AuthorizeShipsToMint...
  Executing DeployModule#CreateAsteroidFieldMap...
  Executing DeployModule#CreateJunkyard...
  Executing DeployModule#Lobbies...
  Executing DeployModule#PlaceJunkyardAIFleet...
  Executing DeployModule#SetMaxVariantForTutorialShips...
  Executing DeployModule#ShipAttributes...
  Executing DeployModule#ShipPurchaser...
  Executing DeployModule#ShipsRouter...
  Executing DeployModule#TutorialClaim...

[13A[0JBatch #6
  Executed DeployModule#AllowFirebaseFlowMinterToCreateShips
  Executed DeployModule#AuthorizeShipsToMint
  Executing DeployModule#CreateAsteroidFieldMap...
  Executing DeployModule#CreateJunkyard...
  Executing DeployModule#Lobbies...
  Executing DeployModule#PlaceJunkyardAIFleet...
  Executing DeployModule#SetMaxVariantForTutorialShips...
  Executing DeployModule#ShipAttributes...
  Executing DeployModule#ShipPurchaser...
  Executing DeployModule#ShipsRouter...
  Executing DeployModule#TutorialClaim...

[13A[0JBatch #6
  Executed DeployModule#AllowFirebaseFlowMinterToCreateShips
  Executed DeployModule#AuthorizeShipsToMint
  Executed DeployModule#CreateAsteroidFieldMap
  Executing DeployModule#CreateJunkyard...
  Executing DeployModule#Lobbies...
  Executing DeployModule#PlaceJunkyardAIFleet...
  Executing DeployModule#SetMaxVariantForTutorialShips...
  Executing DeployModule#ShipAttributes...
  Executing DeployModule#ShipPurchaser...
  Executing DeployModule#ShipsRouter...
  Executing DeployModule#TutorialClaim...

[13A[0JBatch #6
  Executed DeployModule#AllowFirebaseFlowMinterToCreateShips
  Executed DeployModule#AuthorizeShipsToMint
  Executed DeployModule#CreateAsteroidFieldMap
  Executed DeployModule#CreateJunkyard
  Executing DeployModule#Lobbies...
  Executing DeployModule#PlaceJunkyardAIFleet...
  Executing DeployModule#SetMaxVariantForTutorialShips...
  Executing DeployModule#ShipAttributes...
  Executing DeployModule#ShipPurchaser...
  Executing DeployModule#ShipsRouter...
  Executing DeployModule#TutorialClaim...

[13A[0JBatch #6
  Executed DeployModule#AllowFirebaseFlowMinterToCreateShips
  Executed DeployModule#AuthorizeShipsToMint
  Executed DeployModule#CreateAsteroidFieldMap
  Executed DeployModule#CreateJunkyard
  Executed DeployModule#Lobbies
  Executing DeployModule#PlaceJunkyardAIFleet...
  Executing DeployModule#SetMaxVariantForTutorialShips...
  Executing DeployModule#ShipAttributes...
  Executing DeployModule#ShipPurchaser...
  Executing DeployModule#ShipsRouter...
  Executing DeployModule#TutorialClaim...

[13A[0JBatch #6
  Executed DeployModule#AllowFirebaseFlowMinterToCreateShips
  Executed DeployModule#AuthorizeShipsToMint
  Executed DeployModule#CreateAsteroidFieldMap
  Executed DeployModule#CreateJunkyard
  Executed DeployModule#Lobbies
  Executed DeployModule#PlaceJunkyardAIFleet
  Executing DeployModule#SetMaxVariantForTutorialShips...
  Executing DeployModule#ShipAttributes...
  Executing DeployModule#ShipPurchaser...
  Executing DeployModule#ShipsRouter...
  Executing DeployModule#TutorialClaim...

[13A[0JBatch #6
  Executed DeployModule#AllowFirebaseFlowMinterToCreateShips
  Executed DeployModule#AuthorizeShipsToMint
  Executed DeployModule#CreateAsteroidFieldMap
  Executed DeployModule#CreateJunkyard
  Executed DeployModule#Lobbies
  Executed DeployModule#PlaceJunkyardAIFleet
  Executed DeployModule#SetMaxVariantForTutorialShips
  Executing DeployModule#ShipAttributes...
  Executing DeployModule#ShipPurchaser...
  Executing DeployModule#ShipsRouter...
  Executing DeployModule#TutorialClaim...

[13A[0JBatch #6
  Executed DeployModule#AllowFirebaseFlowMinterToCreateShips
  Executed DeployModule#AuthorizeShipsToMint
  Executed DeployModule#CreateAsteroidFieldMap
  Executed DeployModule#CreateJunkyard
  Executed DeployModule#Lobbies
  Executed DeployModule#PlaceJunkyardAIFleet
  Executed DeployModule#SetMaxVariantForTutorialShips
  Executed DeployModule#ShipAttributes
  Executing DeployModule#ShipPurchaser...
  Executing DeployModule#ShipsRouter...
  Executing DeployModule#TutorialClaim...

[13A[0JBatch #6
  Executed DeployModule#AllowFirebaseFlowMinterToCreateShips
  Executed DeployModule#AuthorizeShipsToMint
  Executed DeployModule#CreateAsteroidFieldMap
  Executed DeployModule#CreateJunkyard
  Executed DeployModule#Lobbies
  Executed DeployModule#PlaceJunkyardAIFleet
  Executed DeployModule#SetMaxVariantForTutorialShips
  Executed DeployModule#ShipAttributes
  Executed DeployModule#ShipPurchaser
  Executing DeployModule#ShipsRouter...
  Executing DeployModule#TutorialClaim...

[13A[0JBatch #6
  Executed DeployModule#AllowFirebaseFlowMinterToCreateShips
  Executed DeployModule#AuthorizeShipsToMint
  Executed DeployModule#CreateAsteroidFieldMap
  Executed DeployModule#CreateJunkyard
  Executed DeployModule#Lobbies
  Executed DeployModule#PlaceJunkyardAIFleet
  Executed DeployModule#SetMaxVariantForTutorialShips
  Executed DeployModule#ShipAttributes
  Executed DeployModule#ShipPurchaser
  Executed DeployModule#ShipsRouter
  Executing DeployModule#TutorialClaim...

[13A[0JBatch #6
  Executed DeployModule#AllowFirebaseFlowMinterToCreateShips
  Executed DeployModule#AuthorizeShipsToMint
  Executed DeployModule#CreateAsteroidFieldMap
  Executed DeployModule#CreateJunkyard
  Executed DeployModule#Lobbies
  Executed DeployModule#PlaceJunkyardAIFleet
  Executed DeployModule#SetMaxVariantForTutorialShips
  Executed DeployModule#ShipAttributes
  Executed DeployModule#ShipPurchaser
  Executed DeployModule#ShipsRouter
  Executed DeployModule#TutorialClaim

[13A[0JBatch #6
  Executed DeployModule#AllowFirebaseFlowMinterToCreateShips
  Executed DeployModule#AuthorizeShipsToMint
  Executed DeployModule#CreateAsteroidFieldMap
  Executed DeployModule#CreateJunkyard
  Executed DeployModule#Lobbies
  Executed DeployModule#PlaceJunkyardAIFleet
  Executed DeployModule#SetMaxVariantForTutorialShips
  Executed DeployModule#ShipAttributes
  Executed DeployModule#ShipPurchaser
  Executed DeployModule#ShipsRouter
  Executed DeployModule#TutorialClaim

Batch #7
  Executing DeployModule#AIShips.setRouter...
  Executing DeployModule#AIShips.setShipAttributesAddress...
  Executing DeployModule#AllowTutorialClaimToCreateShips...
  Executing DeployModule#AuthorizeShipPurchaserToMint...
  Executing DeployModule#AuthorizeShipsRouterToMintDec...
  Executing DeployModule#AuthorizeShipsRouterToMintUtc...
  Executing DeployModule#CreateAsteroidField...
  Executing DeployModule#CreateDriftWreckMap...
  Executing DeployModule#DroneYard...
  Executing DeployModule#Fleets...
  Executing DeployModule#Game...
  Executing DeployModule#Lobbies.setMapsAddress...
  Executing DeployModule#Lobbies.setUniversalCreditsAddress...
  Executing DeployModule#PlaceAsteroidFieldAIFleet...
  Executing DeployModule#SetTutorialClaimOnGameResults...
  Executing DeployModule#ShipAttributes.setShipsAddress...
  Executing DeployModule#Ships.setIsAllowedToCreateShips...
  Executing DeployModule#TransferShipPurchaserOwnership...

[20A[0JBatch #7
  Executing DeployModule#AIShips.setRouter...
  Executing DeployModule#AIShips.setShipAttributesAddress...
  Executing DeployModule#AllowTutorialClaimToCreateShips...
  Executing DeployModule#AuthorizeShipPurchaserToMint...
  Executing DeployModule#AuthorizeShipsRouterToMintDec...
  Executing DeployModule#AuthorizeShipsRouterToMintUtc...
  Executing DeployModule#CreateAsteroidField...
  Executing DeployModule#CreateDriftWreckMap...
  Executing DeployModule#DroneYard...
  Executing DeployModule#Fleets...
  Executing DeployModule#Game...
  Executing DeployModule#Lobbies.setMapsAddress...
  Executing DeployModule#Lobbies.setUniversalCreditsAddress...
  Executing DeployModule#PlaceAsteroidFieldAIFleet...
  Executing DeployModule#SetTutorialClaimOnGameResults...
  Executing DeployModule#ShipAttributes.setShipsAddress...
  Executing DeployModule#Ships.setIsAllowedToCreateShips...
  Executing DeployModule#TransferShipPurchaserOwnership...

[20A[0JBatch #7
  Executing DeployModule#AIShips.setRouter...
  Executing DeployModule#AIShips.setShipAttributesAddress...
  Executing DeployModule#AllowTutorialClaimToCreateShips...
  Executing DeployModule#AuthorizeShipPurchaserToMint...
  Executing DeployModule#AuthorizeShipsRouterToMintDec...
  Executing DeployModule#AuthorizeShipsRouterToMintUtc...
  Executing DeployModule#CreateAsteroidField...
  Executing DeployModule#CreateDriftWreckMap...
  Executing DeployModule#DroneYard...
  Executing DeployModule#Fleets...
  Executing DeployModule#Game...
  Executing DeployModule#Lobbies.setMapsAddress...
  Executing DeployModule#Lobbies.setUniversalCreditsAddress...
  Executing DeployModule#PlaceAsteroidFieldAIFleet...
  Executing DeployModule#SetTutorialClaimOnGameResults...
  Executing DeployModule#ShipAttributes.setShipsAddress...
  Executing DeployModule#Ships.setIsAllowedToCreateShips...
  Executing DeployModule#TransferShipPurchaserOwnership...

[20A[0JBatch #7
  Executing DeployModule#AIShips.setRouter...
  Executing DeployModule#AIShips.setShipAttributesAddress...
  Executing DeployModule#AllowTutorialClaimToCreateShips...
  Executing DeployModule#AuthorizeShipPurchaserToMint...
  Executing DeployModule#AuthorizeShipsRouterToMintDec...
  Executing DeployModule#AuthorizeShipsRouterToMintUtc...
  Executing DeployModule#CreateAsteroidField...
  Executing DeployModule#CreateDriftWreckMap...
  Executing DeployModule#DroneYard...
  Executing DeployModule#Fleets...
  Executing DeployModule#Game...
  Executing DeployModule#Lobbies.setMapsAddress...
  Executing DeployModule#Lobbies.setUniversalCreditsAddress...
  Executing DeployModule#PlaceAsteroidFieldAIFleet...
  Executing DeployModule#SetTutorialClaimOnGameResults...
  Executing DeployModule#ShipAttributes.setShipsAddress...
  Executing DeployModule#Ships.setIsAllowedToCreateShips...
  Executing DeployModule#TransferShipPurchaserOwnership...

[20A[0JBatch #7
  Executing DeployModule#AIShips.setRouter...
  Executing DeployModule#AIShips.setShipAttributesAddress...
  Executing DeployModule#AllowTutorialClaimToCreateShips...
  Executing DeployModule#AuthorizeShipPurchaserToMint...
  Executing DeployModule#AuthorizeShipsRouterToMintDec...
  Executing DeployModule#AuthorizeShipsRouterToMintUtc...
  Executing DeployModule#CreateAsteroidField...
  Executing DeployModule#CreateDriftWreckMap...
  Executing DeployModule#DroneYard...
  Executing DeployModule#Fleets...
  Executing DeployModule#Game...
  Executing DeployModule#Lobbies.setMapsAddress...
  Executing DeployModule#Lobbies.setUniversalCreditsAddress...
  Executing DeployModule#PlaceAsteroidFieldAIFleet...
  Executing DeployModule#SetTutorialClaimOnGameResults...
  Executing DeployModule#ShipAttributes.setShipsAddress...
  Executing DeployModule#Ships.setIsAllowedToCreateShips...
  Executing DeployModule#TransferShipPurchaserOwnership...

[20A[0JBatch #7
  Executing DeployModule#AIShips.setRouter...
  Executing DeployModule#AIShips.setShipAttributesAddress...
  Executing DeployModule#AllowTutorialClaimToCreateShips...
  Executing DeployModule#AuthorizeShipPurchaserToMint...
  Executing DeployModule#AuthorizeShipsRouterToMintDec...
  Executing DeployModule#AuthorizeShipsRouterToMintUtc...
  Executing DeployModule#CreateAsteroidField...
  Executing DeployModule#CreateDriftWreckMap...
  Executing DeployModule#DroneYard...
  Executing DeployModule#Fleets...
  Executing DeployModule#Game...
  Executing DeployModule#Lobbies.setMapsAddress...
  Executing DeployModule#Lobbies.setUniversalCreditsAddress...
  Executing DeployModule#PlaceAsteroidFieldAIFleet...
  Executing DeployModule#SetTutorialClaimOnGameResults...
  Executing DeployModule#ShipAttributes.setShipsAddress...
  Executing DeployModule#Ships.setIsAllowedToCreateShips...
  Executing DeployModule#TransferShipPurchaserOwnership...

[20A[0JBatch #7
  Executing DeployModule#AIShips.setRouter...
  Executing DeployModule#AIShips.setShipAttributesAddress...
  Executing DeployModule#AllowTutorialClaimToCreateShips...
  Executing DeployModule#AuthorizeShipPurchaserToMint...
  Executing DeployModule#AuthorizeShipsRouterToMintDec...
  Executing DeployModule#AuthorizeShipsRouterToMintUtc...
  Executing DeployModule#CreateAsteroidField...
  Executing DeployModule#CreateDriftWreckMap...
  Executing DeployModule#DroneYard...
  Executing DeployModule#Fleets...
  Executing DeployModule#Game...
  Executing DeployModule#Lobbies.setMapsAddress...
  Executing DeployModule#Lobbies.setUniversalCreditsAddress...
  Executing DeployModule#PlaceAsteroidFieldAIFleet...
  Executing DeployModule#SetTutorialClaimOnGameResults...
  Executing DeployModule#ShipAttributes.setShipsAddress...
  Executing DeployModule#Ships.setIsAllowedToCreateShips...
  Executing DeployModule#TransferShipPurchaserOwnership...

[20A[0JBatch #7
  Executing DeployModule#AIShips.setRouter...
  Executing DeployModule#AIShips.setShipAttributesAddress...
  Executing DeployModule#AllowTutorialClaimToCreateShips...
  Executing DeployModule#AuthorizeShipPurchaserToMint...
  Executing DeployModule#AuthorizeShipsRouterToMintDec...
  Executing DeployModule#AuthorizeShipsRouterToMintUtc...
  Executing DeployModule#CreateAsteroidField...
  Executing DeployModule#CreateDriftWreckMap...
  Executing DeployModule#DroneYard...
  Executing DeployModule#Fleets...
  Executing DeployModule#Game...
  Executing DeployModule#Lobbies.setMapsAddress...
  Executing DeployModule#Lobbies.setUniversalCreditsAddress...
  Executing DeployModule#PlaceAsteroidFieldAIFleet...
  Executing DeployModule#SetTutorialClaimOnGameResults...
  Executing DeployModule#ShipAttributes.setShipsAddress...
  Executing DeployModule#Ships.setIsAllowedToCreateShips...
  Executing DeployModule#TransferShipPurchaserOwnership...

[20A[0JBatch #7
  Executing DeployModule#AIShips.setRouter...
  Executing DeployModule#AIShips.setShipAttributesAddress...
  Executing DeployModule#AllowTutorialClaimToCreateShips...
  Executing DeployModule#AuthorizeShipPurchaserToMint...
  Executing DeployModule#AuthorizeShipsRouterToMintDec...
  Executing DeployModule#AuthorizeShipsRouterToMintUtc...
  Executing DeployModule#CreateAsteroidField...
  Executing DeployModule#CreateDriftWreckMap...
  Executing DeployModule#DroneYard...
  Executing DeployModule#Fleets...
  Executing DeployModule#Game...
  Executing DeployModule#Lobbies.setMapsAddress...
  Executing DeployModule#Lobbies.setUniversalCreditsAddress...
  Executing DeployModule#PlaceAsteroidFieldAIFleet...
  Executing DeployModule#SetTutorialClaimOnGameResults...
  Executing DeployModule#ShipAttributes.setShipsAddress...
  Executing DeployModule#Ships.setIsAllowedToCreateShips...
  Executing DeployModule#TransferShipPurchaserOwnership...

[20A[0JBatch #7
  Executing DeployModule#AIShips.setRouter...
  Executing DeployModule#AIShips.setShipAttributesAddress...
  Executing DeployModule#AllowTutorialClaimToCreateShips...
  Executing DeployModule#AuthorizeShipPurchaserToMint...
  Executing DeployModule#AuthorizeShipsRouterToMintDec...
  Executing DeployModule#AuthorizeShipsRouterToMintUtc...
  Executing DeployModule#CreateAsteroidField...
  Executing DeployModule#CreateDriftWreckMap...
  Executing DeployModule#DroneYard...
  Executing DeployModule#Fleets...
  Executing DeployModule#Game...
  Executing DeployModule#Lobbies.setMapsAddress...
  Executing DeployModule#Lobbies.setUniversalCreditsAddress...
  Executing DeployModule#PlaceAsteroidFieldAIFleet...
  Executing DeployModule#SetTutorialClaimOnGameResults...
  Executing DeployModule#ShipAttributes.setShipsAddress...
  Executing DeployModule#Ships.setIsAllowedToCreateShips...
  Executing DeployModule#TransferShipPurchaserOwnership...

[20A[0JBatch #7
  Executing DeployModule#AIShips.setRouter...
  Executing DeployModule#AIShips.setShipAttributesAddress...
  Executing DeployModule#AllowTutorialClaimToCreateShips...
  Executing DeployModule#AuthorizeShipPurchaserToMint...
  Executing DeployModule#AuthorizeShipsRouterToMintDec...
  Executing DeployModule#AuthorizeShipsRouterToMintUtc...
  Executing DeployModule#CreateAsteroidField...
  Executing DeployModule#CreateDriftWreckMap...
  Executing DeployModule#DroneYard...
  Executing DeployModule#Fleets...
  Executing DeployModule#Game...
  Executing DeployModule#Lobbies.setMapsAddress...
  Executing DeployModule#Lobbies.setUniversalCreditsAddress...
  Executing DeployModule#PlaceAsteroidFieldAIFleet...
  Executing DeployModule#SetTutorialClaimOnGameResults...
  Executing DeployModule#ShipAttributes.setShipsAddress...
  Executing DeployModule#Ships.setIsAllowedToCreateShips...
  Executing DeployModule#TransferShipPurchaserOwnership...

[20A[0JBatch #7
  Executing DeployModule#AIShips.setRouter...
  Executing DeployModule#AIShips.setShipAttributesAddress...
  Executing DeployModule#AllowTutorialClaimToCreateShips...
  Executing DeployModule#AuthorizeShipPurchaserToMint...
  Executing DeployModule#AuthorizeShipsRouterToMintDec...
  Executing DeployModule#AuthorizeShipsRouterToMintUtc...
  Executing DeployModule#CreateAsteroidField...
  Executing DeployModule#CreateDriftWreckMap...
  Executing DeployModule#DroneYard...
  Executing DeployModule#Fleets...
  Executing DeployModule#Game...
  Executing DeployModule#Lobbies.setMapsAddress...
  Executing DeployModule#Lobbies.setUniversalCreditsAddress...
  Executing DeployModule#PlaceAsteroidFieldAIFleet...
  Executing DeployModule#SetTutorialClaimOnGameResults...
  Executing DeployModule#ShipAttributes.setShipsAddress...
  Executing DeployModule#Ships.setIsAllowedToCreateShips...
  Executing DeployModule#TransferShipPurchaserOwnership...

[20A[0JBatch #7
  Executing DeployModule#AIShips.setRouter...
  Executing DeployModule#AIShips.setShipAttributesAddress...
  Executing DeployModule#AllowTutorialClaimToCreateShips...
  Executing DeployModule#AuthorizeShipPurchaserToMint...
  Executing DeployModule#AuthorizeShipsRouterToMintDec...
  Executing DeployModule#AuthorizeShipsRouterToMintUtc...
  Executing DeployModule#CreateAsteroidField...
  Executing DeployModule#CreateDriftWreckMap...
  Executing DeployModule#DroneYard...
  Executing DeployModule#Fleets...
  Executing DeployModule#Game...
  Executing DeployModule#Lobbies.setMapsAddress...
  Executing DeployModule#Lobbies.setUniversalCreditsAddress...
  Executing DeployModule#PlaceAsteroidFieldAIFleet...
  Executing DeployModule#SetTutorialClaimOnGameResults...
  Executing DeployModule#ShipAttributes.setShipsAddress...
  Executing DeployModule#Ships.setIsAllowedToCreateShips...
  Executing DeployModule#TransferShipPurchaserOwnership...

[20A[0JBatch #7
  Executing DeployModule#AIShips.setRouter...
  Executing DeployModule#AIShips.setShipAttributesAddress...
  Executing DeployModule#AllowTutorialClaimToCreateShips...
  Executing DeployModule#AuthorizeShipPurchaserToMint...
  Executing DeployModule#AuthorizeShipsRouterToMintDec...
  Executing DeployModule#AuthorizeShipsRouterToMintUtc...
  Executing DeployModule#CreateAsteroidField...
  Executing DeployModule#CreateDriftWreckMap...
  Executing DeployModule#DroneYard...
  Executing DeployModule#Fleets...
  Executing DeployModule#Game...
  Executing DeployModule#Lobbies.setMapsAddress...
  Executing DeployModule#Lobbies.setUniversalCreditsAddress...
  Executing DeployModule#PlaceAsteroidFieldAIFleet...
  Executing DeployModule#SetTutorialClaimOnGameResults...
  Executing DeployModule#ShipAttributes.setShipsAddress...
  Executing DeployModule#Ships.setIsAllowedToCreateShips...
  Executing DeployModule#TransferShipPurchaserOwnership...

[20A[0JBatch #7
  Executing DeployModule#AIShips.setRouter...
  Executing DeployModule#AIShips.setShipAttributesAddress...
  Executing DeployModule#AllowTutorialClaimToCreateShips...
  Executing DeployModule#AuthorizeShipPurchaserToMint...
  Executing DeployModule#AuthorizeShipsRouterToMintDec...
  Executing DeployModule#AuthorizeShipsRouterToMintUtc...
  Executing DeployModule#CreateAsteroidField...
  Executing DeployModule#CreateDriftWreckMap...
  Executing DeployModule#DroneYard...
  Executing DeployModule#Fleets...
  Executing DeployModule#Game...
  Executing DeployModule#Lobbies.setMapsAddress...
  Executing DeployModule#Lobbies.setUniversalCreditsAddress...
  Executing DeployModule#PlaceAsteroidFieldAIFleet...
  Executing DeployModule#SetTutorialClaimOnGameResults...
  Executing DeployModule#ShipAttributes.setShipsAddress...
  Executing DeployModule#Ships.setIsAllowedToCreateShips...
  Executing DeployModule#TransferShipPurchaserOwnership...

[20A[0JBatch #7
  Executing DeployModule#AIShips.setRouter...
  Executing DeployModule#AIShips.setShipAttributesAddress...
  Executing DeployModule#AllowTutorialClaimToCreateShips...
  Executing DeployModule#AuthorizeShipPurchaserToMint...
  Executing DeployModule#AuthorizeShipsRouterToMintDec...
  Executing DeployModule#AuthorizeShipsRouterToMintUtc...
  Executing DeployModule#CreateAsteroidField...
  Executing DeployModule#CreateDriftWreckMap...
  Executing DeployModule#DroneYard...
  Executing DeployModule#Fleets...
  Executing DeployModule#Game...
  Executing DeployModule#Lobbies.setMapsAddress...
  Executing DeployModule#Lobbies.setUniversalCreditsAddress...
  Executing DeployModule#PlaceAsteroidFieldAIFleet...
  Executing DeployModule#SetTutorialClaimOnGameResults...
  Executing DeployModule#ShipAttributes.setShipsAddress...
  Executing DeployModule#Ships.setIsAllowedToCreateShips...
  Executing DeployModule#TransferShipPurchaserOwnership...

[20A[0JBatch #7
  Executing DeployModule#AIShips.setRouter...
  Executing DeployModule#AIShips.setShipAttributesAddress...
  Executing DeployModule#AllowTutorialClaimToCreateShips...
  Executing DeployModule#AuthorizeShipPurchaserToMint...
  Executing DeployModule#AuthorizeShipsRouterToMintDec...
  Executing DeployModule#AuthorizeShipsRouterToMintUtc...
  Executing DeployModule#CreateAsteroidField...
  Executing DeployModule#CreateDriftWreckMap...
  Executing DeployModule#DroneYard...
  Executing DeployModule#Fleets...
  Executing DeployModule#Game...
  Executing DeployModule#Lobbies.setMapsAddress...
  Executing DeployModule#Lobbies.setUniversalCreditsAddress...
  Executing DeployModule#PlaceAsteroidFieldAIFleet...
  Executing DeployModule#SetTutorialClaimOnGameResults...
  Executing DeployModule#ShipAttributes.setShipsAddress...
  Executing DeployModule#Ships.setIsAllowedToCreateShips...
  Executing DeployModule#TransferShipPurchaserOwnership...

[20A[0JBatch #7
  Executing DeployModule#AIShips.setRouter...
  Executing DeployModule#AIShips.setShipAttributesAddress...
  Executing DeployModule#AllowTutorialClaimToCreateShips...
  Executing DeployModule#AuthorizeShipPurchaserToMint...
  Executing DeployModule#AuthorizeShipsRouterToMintDec...
  Executing DeployModule#AuthorizeShipsRouterToMintUtc...
  Executing DeployModule#CreateAsteroidField...
  Executing DeployModule#CreateDriftWreckMap...
  Executing DeployModule#DroneYard...
  Executing DeployModule#Fleets...
  Executing DeployModule#Game...
  Executing DeployModule#Lobbies.setMapsAddress...
  Executing DeployModule#Lobbies.setUniversalCreditsAddress...
  Executing DeployModule#PlaceAsteroidFieldAIFleet...
  Executing DeployModule#SetTutorialClaimOnGameResults...
  Executing DeployModule#ShipAttributes.setShipsAddress...
  Executing DeployModule#Ships.setIsAllowedToCreateShips...
  Executing DeployModule#TransferShipPurchaserOwnership...

[20A[0JBatch #7
  Executing DeployModule#AIShips.setRouter...
  Executing DeployModule#AIShips.setShipAttributesAddress...
  Executing DeployModule#AllowTutorialClaimToCreateShips...
  Executing DeployModule#AuthorizeShipPurchaserToMint...
  Executing DeployModule#AuthorizeShipsRouterToMintDec...
  Executing DeployModule#AuthorizeShipsRouterToMintUtc...
  Executing DeployModule#CreateAsteroidField...
  Executing DeployModule#CreateDriftWreckMap...
  Executing DeployModule#DroneYard...
  Executing DeployModule#Fleets...
  Executing DeployModule#Game...
  Executing DeployModule#Lobbies.setMapsAddress...
  Executing DeployModule#Lobbies.setUniversalCreditsAddress...
  Executing DeployModule#PlaceAsteroidFieldAIFleet...
  Executing DeployModule#SetTutorialClaimOnGameResults...
  Executing DeployModule#ShipAttributes.setShipsAddress...
  Executing DeployModule#Ships.setIsAllowedToCreateShips...
  Executing DeployModule#TransferShipPurchaserOwnership...

[20A[0JBatch #7
  Executed DeployModule#AIShips.setRouter
  Executing DeployModule#AIShips.setShipAttributesAddress...
  Executing DeployModule#AllowTutorialClaimToCreateShips...
  Executing DeployModule#AuthorizeShipPurchaserToMint...
  Executing DeployModule#AuthorizeShipsRouterToMintDec...
  Executing DeployModule#AuthorizeShipsRouterToMintUtc...
  Executing DeployModule#CreateAsteroidField...
  Executing DeployModule#CreateDriftWreckMap...
  Executing DeployModule#DroneYard...
  Executing DeployModule#Fleets...
  Executing DeployModule#Game...
  Executing DeployModule#Lobbies.setMapsAddress...
  Executing DeployModule#Lobbies.setUniversalCreditsAddress...
  Executing DeployModule#PlaceAsteroidFieldAIFleet...
  Executing DeployModule#SetTutorialClaimOnGameResults...
  Executing DeployModule#ShipAttributes.setShipsAddress...
  Executing DeployModule#Ships.setIsAllowedToCreateShips...
  Executing DeployModule#TransferShipPurchaserOwnership...

[20A[0JBatch #7
  Executed DeployModule#AIShips.setRouter
  Executed DeployModule#AIShips.setShipAttributesAddress
  Executing DeployModule#AllowTutorialClaimToCreateShips...
  Executing DeployModule#AuthorizeShipPurchaserToMint...
  Executing DeployModule#AuthorizeShipsRouterToMintDec...
  Executing DeployModule#AuthorizeShipsRouterToMintUtc...
  Executing DeployModule#CreateAsteroidField...
  Executing DeployModule#CreateDriftWreckMap...
  Executing DeployModule#DroneYard...
  Executing DeployModule#Fleets...
  Executing DeployModule#Game...
  Executing DeployModule#Lobbies.setMapsAddress...
  Executing DeployModule#Lobbies.setUniversalCreditsAddress...
  Executing DeployModule#PlaceAsteroidFieldAIFleet...
  Executing DeployModule#SetTutorialClaimOnGameResults...
  Executing DeployModule#ShipAttributes.setShipsAddress...
  Executing DeployModule#Ships.setIsAllowedToCreateShips...
  Executing DeployModule#TransferShipPurchaserOwnership...

[20A[0JBatch #7
  Executed DeployModule#AIShips.setRouter
  Executed DeployModule#AIShips.setShipAttributesAddress
  Executed DeployModule#AllowTutorialClaimToCreateShips
  Executing DeployModule#AuthorizeShipPurchaserToMint...
  Executing DeployModule#AuthorizeShipsRouterToMintDec...
  Executing DeployModule#AuthorizeShipsRouterToMintUtc...
  Executing DeployModule#CreateAsteroidField...
  Executing DeployModule#CreateDriftWreckMap...
  Executing DeployModule#DroneYard...
  Executing DeployModule#Fleets...
  Executing DeployModule#Game...
  Executing DeployModule#Lobbies.setMapsAddress...
  Executing DeployModule#Lobbies.setUniversalCreditsAddress...
  Executing DeployModule#PlaceAsteroidFieldAIFleet...
  Executing DeployModule#SetTutorialClaimOnGameResults...
  Executing DeployModule#ShipAttributes.setShipsAddress...
  Executing DeployModule#Ships.setIsAllowedToCreateShips...
  Executing DeployModule#TransferShipPurchaserOwnership...

[20A[0JBatch #7
  Executed DeployModule#AIShips.setRouter
  Executed DeployModule#AIShips.setShipAttributesAddress
  Executed DeployModule#AllowTutorialClaimToCreateShips
  Executed DeployModule#AuthorizeShipPurchaserToMint
  Executing DeployModule#AuthorizeShipsRouterToMintDec...
  Executing DeployModule#AuthorizeShipsRouterToMintUtc...
  Executing DeployModule#CreateAsteroidField...
  Executing DeployModule#CreateDriftWreckMap...
  Executing DeployModule#DroneYard...
  Executing DeployModule#Fleets...
  Executing DeployModule#Game...
  Executing DeployModule#Lobbies.setMapsAddress...
  Executing DeployModule#Lobbies.setUniversalCreditsAddress...
  Executing DeployModule#PlaceAsteroidFieldAIFleet...
  Executing DeployModule#SetTutorialClaimOnGameResults...
  Executing DeployModule#ShipAttributes.setShipsAddress...
  Executing DeployModule#Ships.setIsAllowedToCreateShips...
  Executing DeployModule#TransferShipPurchaserOwnership...

[20A[0JBatch #7
  Executed DeployModule#AIShips.setRouter
  Executed DeployModule#AIShips.setShipAttributesAddress
  Executed DeployModule#AllowTutorialClaimToCreateShips
  Executed DeployModule#AuthorizeShipPurchaserToMint
  Executed DeployModule#AuthorizeShipsRouterToMintDec
  Executing DeployModule#AuthorizeShipsRouterToMintUtc...
  Executing DeployModule#CreateAsteroidField...
  Executing DeployModule#CreateDriftWreckMap...
  Executing DeployModule#DroneYard...
  Executing DeployModule#Fleets...
  Executing DeployModule#Game...
  Executing DeployModule#Lobbies.setMapsAddress...
  Executing DeployModule#Lobbies.setUniversalCreditsAddress...
  Executing DeployModule#PlaceAsteroidFieldAIFleet...
  Executing DeployModule#SetTutorialClaimOnGameResults...
  Executing DeployModule#ShipAttributes.setShipsAddress...
  Executing DeployModule#Ships.setIsAllowedToCreateShips...
  Executing DeployModule#TransferShipPurchaserOwnership...

[20A[0JBatch #7
  Executed DeployModule#AIShips.setRouter
  Executed DeployModule#AIShips.setShipAttributesAddress
  Executed DeployModule#AllowTutorialClaimToCreateShips
  Executed DeployModule#AuthorizeShipPurchaserToMint
  Executed DeployModule#AuthorizeShipsRouterToMintDec
  Executed DeployModule#AuthorizeShipsRouterToMintUtc
  Executing DeployModule#CreateAsteroidField...
  Executing DeployModule#CreateDriftWreckMap...
  Executing DeployModule#DroneYard...
  Executing DeployModule#Fleets...
  Executing DeployModule#Game...
  Executing DeployModule#Lobbies.setMapsAddress...
  Executing DeployModule#Lobbies.setUniversalCreditsAddress...
  Executing DeployModule#PlaceAsteroidFieldAIFleet...
  Executing DeployModule#SetTutorialClaimOnGameResults...
  Executing DeployModule#ShipAttributes.setShipsAddress...
  Executing DeployModule#Ships.setIsAllowedToCreateShips...
  Executing DeployModule#TransferShipPurchaserOwnership...

[20A[0JBatch #7
  Executed DeployModule#AIShips.setRouter
  Executed DeployModule#AIShips.setShipAttributesAddress
  Executed DeployModule#AllowTutorialClaimToCreateShips
  Executed DeployModule#AuthorizeShipPurchaserToMint
  Executed DeployModule#AuthorizeShipsRouterToMintDec
  Executed DeployModule#AuthorizeShipsRouterToMintUtc
  Executed DeployModule#CreateAsteroidField
  Executing DeployModule#CreateDriftWreckMap...
  Executing DeployModule#DroneYard...
  Executing DeployModule#Fleets...
  Executing DeployModule#Game...
  Executing DeployModule#Lobbies.setMapsAddress...
  Executing DeployModule#Lobbies.setUniversalCreditsAddress...
  Executing DeployModule#PlaceAsteroidFieldAIFleet...
  Executing DeployModule#SetTutorialClaimOnGameResults...
  Executing DeployModule#ShipAttributes.setShipsAddress...
  Executing DeployModule#Ships.setIsAllowedToCreateShips...
  Executing DeployModule#TransferShipPurchaserOwnership...

[20A[0JBatch #7
  Executed DeployModule#AIShips.setRouter
  Executed DeployModule#AIShips.setShipAttributesAddress
  Executed DeployModule#AllowTutorialClaimToCreateShips
  Executed DeployModule#AuthorizeShipPurchaserToMint
  Executed DeployModule#AuthorizeShipsRouterToMintDec
  Executed DeployModule#AuthorizeShipsRouterToMintUtc
  Executed DeployModule#CreateAsteroidField
  Executed DeployModule#CreateDriftWreckMap
  Executing DeployModule#DroneYard...
  Executing DeployModule#Fleets...
  Executing DeployModule#Game...
  Executing DeployModule#Lobbies.setMapsAddress...
  Executing DeployModule#Lobbies.setUniversalCreditsAddress...
  Executing DeployModule#PlaceAsteroidFieldAIFleet...
  Executing DeployModule#SetTutorialClaimOnGameResults...
  Executing DeployModule#ShipAttributes.setShipsAddress...
  Executing DeployModule#Ships.setIsAllowedToCreateShips...
  Executing DeployModule#TransferShipPurchaserOwnership...

[20A[0JBatch #7
  Executed DeployModule#AIShips.setRouter
  Executed DeployModule#AIShips.setShipAttributesAddress
  Executed DeployModule#AllowTutorialClaimToCreateShips
  Executed DeployModule#AuthorizeShipPurchaserToMint
  Executed DeployModule#AuthorizeShipsRouterToMintDec
  Executed DeployModule#AuthorizeShipsRouterToMintUtc
  Executed DeployModule#CreateAsteroidField
  Executed DeployModule#CreateDriftWreckMap
  Executed DeployModule#DroneYard
  Executing DeployModule#Fleets...
  Executing DeployModule#Game...
  Executing DeployModule#Lobbies.setMapsAddress...
  Executing DeployModule#Lobbies.setUniversalCreditsAddress...
  Executing DeployModule#PlaceAsteroidFieldAIFleet...
  Executing DeployModule#SetTutorialClaimOnGameResults...
  Executing DeployModule#ShipAttributes.setShipsAddress...
  Executing DeployModule#Ships.setIsAllowedToCreateShips...
  Executing DeployModule#TransferShipPurchaserOwnership...

[20A[0JBatch #7
  Executed DeployModule#AIShips.setRouter
  Executed DeployModule#AIShips.setShipAttributesAddress
  Executed DeployModule#AllowTutorialClaimToCreateShips
  Executed DeployModule#AuthorizeShipPurchaserToMint
  Executed DeployModule#AuthorizeShipsRouterToMintDec
  Executed DeployModule#AuthorizeShipsRouterToMintUtc
  Executed DeployModule#CreateAsteroidField
  Executed DeployModule#CreateDriftWreckMap
  Executed DeployModule#DroneYard
  Executed DeployModule#Fleets
  Executing DeployModule#Game...
  Executing DeployModule#Lobbies.setMapsAddress...
  Executing DeployModule#Lobbies.setUniversalCreditsAddress...
  Executing DeployModule#PlaceAsteroidFieldAIFleet...
  Executing DeployModule#SetTutorialClaimOnGameResults...
  Executing DeployModule#ShipAttributes.setShipsAddress...
  Executing DeployModule#Ships.setIsAllowedToCreateShips...
  Executing DeployModule#TransferShipPurchaserOwnership...

[20A[0JBatch #7
  Executed DeployModule#AIShips.setRouter
  Executed DeployModule#AIShips.setShipAttributesAddress
  Executed DeployModule#AllowTutorialClaimToCreateShips
  Executed DeployModule#AuthorizeShipPurchaserToMint
  Executed DeployModule#AuthorizeShipsRouterToMintDec
  Executed DeployModule#AuthorizeShipsRouterToMintUtc
  Executed DeployModule#CreateAsteroidField
  Executed DeployModule#CreateDriftWreckMap
  Executed DeployModule#DroneYard
  Executed DeployModule#Fleets
  Executed DeployModule#Game
  Executing DeployModule#Lobbies.setMapsAddress...
  Executing DeployModule#Lobbies.setUniversalCreditsAddress...
  Executing DeployModule#PlaceAsteroidFieldAIFleet...
  Executing DeployModule#SetTutorialClaimOnGameResults...
  Executing DeployModule#ShipAttributes.setShipsAddress...
  Executing DeployModule#Ships.setIsAllowedToCreateShips...
  Executing DeployModule#TransferShipPurchaserOwnership...

[20A[0JBatch #7
  Executed DeployModule#AIShips.setRouter
  Executed DeployModule#AIShips.setShipAttributesAddress
  Executed DeployModule#AllowTutorialClaimToCreateShips
  Executed DeployModule#AuthorizeShipPurchaserToMint
  Executed DeployModule#AuthorizeShipsRouterToMintDec
  Executed DeployModule#AuthorizeShipsRouterToMintUtc
  Executed DeployModule#CreateAsteroidField
  Executed DeployModule#CreateDriftWreckMap
  Executed DeployModule#DroneYard
  Executed DeployModule#Fleets
  Executed DeployModule#Game
  Executed DeployModule#Lobbies.setMapsAddress
  Executing DeployModule#Lobbies.setUniversalCreditsAddress...
  Executing DeployModule#PlaceAsteroidFieldAIFleet...
  Executing DeployModule#SetTutorialClaimOnGameResults...
  Executing DeployModule#ShipAttributes.setShipsAddress...
  Executing DeployModule#Ships.setIsAllowedToCreateShips...
  Executing DeployModule#TransferShipPurchaserOwnership...

[20A[0JBatch #7
  Executed DeployModule#AIShips.setRouter
  Executed DeployModule#AIShips.setShipAttributesAddress
  Executed DeployModule#AllowTutorialClaimToCreateShips
  Executed DeployModule#AuthorizeShipPurchaserToMint
  Executed DeployModule#AuthorizeShipsRouterToMintDec
  Executed DeployModule#AuthorizeShipsRouterToMintUtc
  Executed DeployModule#CreateAsteroidField
  Executed DeployModule#CreateDriftWreckMap
  Executed DeployModule#DroneYard
  Executed DeployModule#Fleets
  Executed DeployModule#Game
  Executed DeployModule#Lobbies.setMapsAddress
  Executing DeployModule#Lobbies.setUniversalCreditsAddress...
  Executed DeployModule#PlaceAsteroidFieldAIFleet
  Executing DeployModule#SetTutorialClaimOnGameResults...
  Executing DeployModule#ShipAttributes.setShipsAddress...
  Executing DeployModule#Ships.setIsAllowedToCreateShips...
  Executing DeployModule#TransferShipPurchaserOwnership...

[20A[0JBatch #7
  Executed DeployModule#AIShips.setRouter
  Executed DeployModule#AIShips.setShipAttributesAddress
  Executed DeployModule#AllowTutorialClaimToCreateShips
  Executed DeployModule#AuthorizeShipPurchaserToMint
  Executed DeployModule#AuthorizeShipsRouterToMintDec
  Executed DeployModule#AuthorizeShipsRouterToMintUtc
  Executed DeployModule#CreateAsteroidField
  Executed DeployModule#CreateDriftWreckMap
  Executed DeployModule#DroneYard
  Executed DeployModule#Fleets
  Executed DeployModule#Game
  Executed DeployModule#Lobbies.setMapsAddress
  Executed DeployModule#Lobbies.setUniversalCreditsAddress
  Executed DeployModule#PlaceAsteroidFieldAIFleet
  Executing DeployModule#SetTutorialClaimOnGameResults...
  Executing DeployModule#ShipAttributes.setShipsAddress...
  Executing DeployModule#Ships.setIsAllowedToCreateShips...
  Executing DeployModule#TransferShipPurchaserOwnership...

[20A[0JBatch #7
  Executed DeployModule#AIShips.setRouter
  Executed DeployModule#AIShips.setShipAttributesAddress
  Executed DeployModule#AllowTutorialClaimToCreateShips
  Executed DeployModule#AuthorizeShipPurchaserToMint
  Executed DeployModule#AuthorizeShipsRouterToMintDec
  Executed DeployModule#AuthorizeShipsRouterToMintUtc
  Executed DeployModule#CreateAsteroidField
  Executed DeployModule#CreateDriftWreckMap
  Executed DeployModule#DroneYard
  Executed DeployModule#Fleets
  Executed DeployModule#Game
  Executed DeployModule#Lobbies.setMapsAddress
  Executed DeployModule#Lobbies.setUniversalCreditsAddress
  Executed DeployModule#PlaceAsteroidFieldAIFleet
  Executed DeployModule#SetTutorialClaimOnGameResults
  Executing DeployModule#ShipAttributes.setShipsAddress...
  Executing DeployModule#Ships.setIsAllowedToCreateShips...
  Executing DeployModule#TransferShipPurchaserOwnership...

[20A[0JBatch #7
  Executed DeployModule#AIShips.setRouter
  Executed DeployModule#AIShips.setShipAttributesAddress
  Executed DeployModule#AllowTutorialClaimToCreateShips
  Executed DeployModule#AuthorizeShipPurchaserToMint
  Executed DeployModule#AuthorizeShipsRouterToMintDec
  Executed DeployModule#AuthorizeShipsRouterToMintUtc
  Executed DeployModule#CreateAsteroidField
  Executed DeployModule#CreateDriftWreckMap
  Executed DeployModule#DroneYard
  Executed DeployModule#Fleets
  Executed DeployModule#Game
  Executed DeployModule#Lobbies.setMapsAddress
  Executed DeployModule#Lobbies.setUniversalCreditsAddress
  Executed DeployModule#PlaceAsteroidFieldAIFleet
  Executed DeployModule#SetTutorialClaimOnGameResults
  Executed DeployModule#ShipAttributes.setShipsAddress
  Executing DeployModule#Ships.setIsAllowedToCreateShips...
  Executing DeployModule#TransferShipPurchaserOwnership...

[20A[0JBatch #7
  Executed DeployModule#AIShips.setRouter
  Executed DeployModule#AIShips.setShipAttributesAddress
  Executed DeployModule#AllowTutorialClaimToCreateShips
  Executed DeployModule#AuthorizeShipPurchaserToMint
  Executed DeployModule#AuthorizeShipsRouterToMintDec
  Executed DeployModule#AuthorizeShipsRouterToMintUtc
  Executed DeployModule#CreateAsteroidField
  Executed DeployModule#CreateDriftWreckMap
  Executed DeployModule#DroneYard
  Executed DeployModule#Fleets
  Executed DeployModule#Game
  Executed DeployModule#Lobbies.setMapsAddress
  Executed DeployModule#Lobbies.setUniversalCreditsAddress
  Executed DeployModule#PlaceAsteroidFieldAIFleet
  Executed DeployModule#SetTutorialClaimOnGameResults
  Executed DeployModule#ShipAttributes.setShipsAddress
  Executed DeployModule#Ships.setIsAllowedToCreateShips
  Executing DeployModule#TransferShipPurchaserOwnership...

[20A[0JBatch #7
  Executed DeployModule#AIShips.setRouter
  Executed DeployModule#AIShips.setShipAttributesAddress
  Executed DeployModule#AllowTutorialClaimToCreateShips
  Executed DeployModule#AuthorizeShipPurchaserToMint
  Executed DeployModule#AuthorizeShipsRouterToMintDec
  Executed DeployModule#AuthorizeShipsRouterToMintUtc
  Executed DeployModule#CreateAsteroidField
  Executed DeployModule#CreateDriftWreckMap
  Executed DeployModule#DroneYard
  Executed DeployModule#Fleets
  Executed DeployModule#Game
  Executed DeployModule#Lobbies.setMapsAddress
  Executed DeployModule#Lobbies.setUniversalCreditsAddress
  Executed DeployModule#PlaceAsteroidFieldAIFleet
  Executed DeployModule#SetTutorialClaimOnGameResults
  Executed DeployModule#ShipAttributes.setShipsAddress
  Executed DeployModule#Ships.setIsAllowedToCreateShips
  Executed DeployModule#TransferShipPurchaserOwnership

[20A[0JBatch #7
  Executed DeployModule#AIShips.setRouter
  Executed DeployModule#AIShips.setShipAttributesAddress
  Executed DeployModule#AllowTutorialClaimToCreateShips
  Executed DeployModule#AuthorizeShipPurchaserToMint
  Executed DeployModule#AuthorizeShipsRouterToMintDec
  Executed DeployModule#AuthorizeShipsRouterToMintUtc
  Executed DeployModule#CreateAsteroidField
  Executed DeployModule#CreateDriftWreckMap
  Executed DeployModule#DroneYard
  Executed DeployModule#Fleets
  Executed DeployModule#Game
  Executed DeployModule#Lobbies.setMapsAddress
  Executed DeployModule#Lobbies.setUniversalCreditsAddress
  Executed DeployModule#PlaceAsteroidFieldAIFleet
  Executed DeployModule#SetTutorialClaimOnGameResults
  Executed DeployModule#ShipAttributes.setShipsAddress
  Executed DeployModule#Ships.setIsAllowedToCreateShips
  Executed DeployModule#TransferShipPurchaserOwnership

Batch #8
  Executing DeployModule#AllowDroneYardToModifyShips...
  Executing DeployModule#AllowLobbiesToManageFleets...
  Executing DeployModule#CreateDriftWreck...
  Executing DeployModule#CreateSilentHulkMap...
  Executing DeployModule#Fleets.setGameAddress...
  Executing DeployModule#Fleets.setShipAttributes...
  Executing DeployModule#Game.setAddresses...
  Executing DeployModule#Lobbies.setFleetsAddress...
  Executing DeployModule#Maps.setGameAddress...
  Executing DeployModule#PlaceDriftWreckAIFleet...
  Executing DeployModule#PvPMatch...
  Executing DeployModule#RamResolver...
  Executing DeployModule#ShipsRouter.setFleetsAddress...
  Executing DeployModule#ShipsRouter.setGameAddress...
  Executing DeployModule#SinglePlayerMatch...
  Executing DeployModule#Tournament...
  Executing DeployModule#TransferDroneEnergyCoresOwnership...
  Executing DeployModule#TransferDroneYardOwnership...
  Executing DeployModule#TransferShipAttributesOwnership...
  Executing DeployModule#TransferUniversalCreditsOwnership...

[22A[0JBatch #8
  Executing DeployModule#AllowDroneYardToModifyShips...
  Executing DeployModule#AllowLobbiesToManageFleets...
  Executing DeployModule#CreateDriftWreck...
  Executing DeployModule#CreateSilentHulkMap...
  Executing DeployModule#Fleets.setGameAddress...
  Executing DeployModule#Fleets.setShipAttributes...
  Executing DeployModule#Game.setAddresses...
  Executing DeployModule#Lobbies.setFleetsAddress...
  Executing DeployModule#Maps.setGameAddress...
  Executing DeployModule#PlaceDriftWreckAIFleet...
  Executing DeployModule#PvPMatch...
  Executing DeployModule#RamResolver...
  Executing DeployModule#ShipsRouter.setFleetsAddress...
  Executing DeployModule#ShipsRouter.setGameAddress...
  Executing DeployModule#SinglePlayerMatch...
  Executing DeployModule#Tournament...
  Executing DeployModule#TransferDroneEnergyCoresOwnership...
  Executing DeployModule#TransferDroneYardOwnership...
  Executing DeployModule#TransferShipAttributesOwnership...
  Executing DeployModule#TransferUniversalCreditsOwnership...

[22A[0JBatch #8
  Executing DeployModule#AllowDroneYardToModifyShips...
  Executing DeployModule#AllowLobbiesToManageFleets...
  Executing DeployModule#CreateDriftWreck...
  Executing DeployModule#CreateSilentHulkMap...
  Executing DeployModule#Fleets.setGameAddress...
  Executing DeployModule#Fleets.setShipAttributes...
  Executing DeployModule#Game.setAddresses...
  Executing DeployModule#Lobbies.setFleetsAddress...
  Executing DeployModule#Maps.setGameAddress...
  Executing DeployModule#PlaceDriftWreckAIFleet...
  Executing DeployModule#PvPMatch...
  Executing DeployModule#RamResolver...
  Executing DeployModule#ShipsRouter.setFleetsAddress...
  Executing DeployModule#ShipsRouter.setGameAddress...
  Executing DeployModule#SinglePlayerMatch...
  Executing DeployModule#Tournament...
  Executing DeployModule#TransferDroneEnergyCoresOwnership...
  Executing DeployModule#TransferDroneYardOwnership...
  Executing DeployModule#TransferShipAttributesOwnership...
  Executing DeployModule#TransferUniversalCreditsOwnership...

[22A[0JBatch #8
  Executing DeployModule#AllowDroneYardToModifyShips...
  Executing DeployModule#AllowLobbiesToManageFleets...
  Executing DeployModule#CreateDriftWreck...
  Executing DeployModule#CreateSilentHulkMap...
  Executing DeployModule#Fleets.setGameAddress...
  Executing DeployModule#Fleets.setShipAttributes...
  Executing DeployModule#Game.setAddresses...
  Executing DeployModule#Lobbies.setFleetsAddress...
  Executing DeployModule#Maps.setGameAddress...
  Executing DeployModule#PlaceDriftWreckAIFleet...
  Executing DeployModule#PvPMatch...
  Executing DeployModule#RamResolver...
  Executing DeployModule#ShipsRouter.setFleetsAddress...
  Executing DeployModule#ShipsRouter.setGameAddress...
  Executing DeployModule#SinglePlayerMatch...
  Executing DeployModule#Tournament...
  Executing DeployModule#TransferDroneEnergyCoresOwnership...
  Executing DeployModule#TransferDroneYardOwnership...
  Executing DeployModule#TransferShipAttributesOwnership...
  Executing DeployModule#TransferUniversalCreditsOwnership...

[22A[0JBatch #8
  Executing DeployModule#AllowDroneYardToModifyShips...
  Executing DeployModule#AllowLobbiesToManageFleets...
  Executing DeployModule#CreateDriftWreck...
  Executing DeployModule#CreateSilentHulkMap...
  Executing DeployModule#Fleets.setGameAddress...
  Executing DeployModule#Fleets.setShipAttributes...
  Executing DeployModule#Game.setAddresses...
  Executing DeployModule#Lobbies.setFleetsAddress...
  Executing DeployModule#Maps.setGameAddress...
  Executing DeployModule#PlaceDriftWreckAIFleet...
  Executing DeployModule#PvPMatch...
  Executing DeployModule#RamResolver...
  Executing DeployModule#ShipsRouter.setFleetsAddress...
  Executing DeployModule#ShipsRouter.setGameAddress...
  Executing DeployModule#SinglePlayerMatch...
  Executing DeployModule#Tournament...
  Executing DeployModule#TransferDroneEnergyCoresOwnership...
  Executing DeployModule#TransferDroneYardOwnership...
  Executing DeployModule#TransferShipAttributesOwnership...
  Executing DeployModule#TransferUniversalCreditsOwnership...

[22A[0JBatch #8
  Executing DeployModule#AllowDroneYardToModifyShips...
  Executing DeployModule#AllowLobbiesToManageFleets...
  Executing DeployModule#CreateDriftWreck...
  Executing DeployModule#CreateSilentHulkMap...
  Executing DeployModule#Fleets.setGameAddress...
  Executing DeployModule#Fleets.setShipAttributes...
  Executing DeployModule#Game.setAddresses...
  Executing DeployModule#Lobbies.setFleetsAddress...
  Executing DeployModule#Maps.setGameAddress...
  Executing DeployModule#PlaceDriftWreckAIFleet...
  Executing DeployModule#PvPMatch...
  Executing DeployModule#RamResolver...
  Executing DeployModule#ShipsRouter.setFleetsAddress...
  Executing DeployModule#ShipsRouter.setGameAddress...
  Executing DeployModule#SinglePlayerMatch...
  Executing DeployModule#Tournament...
  Executing DeployModule#TransferDroneEnergyCoresOwnership...
  Executing DeployModule#TransferDroneYardOwnership...
  Executing DeployModule#TransferShipAttributesOwnership...
  Executing DeployModule#TransferUniversalCreditsOwnership...

[22A[0JBatch #8
  Executing DeployModule#AllowDroneYardToModifyShips...
  Executing DeployModule#AllowLobbiesToManageFleets...
  Executing DeployModule#CreateDriftWreck...
  Executing DeployModule#CreateSilentHulkMap...
  Executing DeployModule#Fleets.setGameAddress...
  Executing DeployModule#Fleets.setShipAttributes...
  Executing DeployModule#Game.setAddresses...
  Executing DeployModule#Lobbies.setFleetsAddress...
  Executing DeployModule#Maps.setGameAddress...
  Executing DeployModule#PlaceDriftWreckAIFleet...
  Executing DeployModule#PvPMatch...
  Executing DeployModule#RamResolver...
  Executing DeployModule#ShipsRouter.setFleetsAddress...
  Executing DeployModule#ShipsRouter.setGameAddress...
  Executing DeployModule#SinglePlayerMatch...
  Executing DeployModule#Tournament...
  Executing DeployModule#TransferDroneEnergyCoresOwnership...
  Executing DeployModule#TransferDroneYardOwnership...
  Executing DeployModule#TransferShipAttributesOwnership...
  Executing DeployModule#TransferUniversalCreditsOwnership...

[22A[0JBatch #8
  Executing DeployModule#AllowDroneYardToModifyShips...
  Executing DeployModule#AllowLobbiesToManageFleets...
  Executing DeployModule#CreateDriftWreck...
  Executing DeployModule#CreateSilentHulkMap...
  Executing DeployModule#Fleets.setGameAddress...
  Executing DeployModule#Fleets.setShipAttributes...
  Executing DeployModule#Game.setAddresses...
  Executing DeployModule#Lobbies.setFleetsAddress...
  Executing DeployModule#Maps.setGameAddress...
  Executing DeployModule#PlaceDriftWreckAIFleet...
  Executing DeployModule#PvPMatch...
  Executing DeployModule#RamResolver...
  Executing DeployModule#ShipsRouter.setFleetsAddress...
  Executing DeployModule#ShipsRouter.setGameAddress...
  Executing DeployModule#SinglePlayerMatch...
  Executing DeployModule#Tournament...
  Executing DeployModule#TransferDroneEnergyCoresOwnership...
  Executing DeployModule#TransferDroneYardOwnership...
  Executing DeployModule#TransferShipAttributesOwnership...
  Executing DeployModule#TransferUniversalCreditsOwnership...

[22A[0JBatch #8
  Executing DeployModule#AllowDroneYardToModifyShips...
  Executing DeployModule#AllowLobbiesToManageFleets...
  Executing DeployModule#CreateDriftWreck...
  Executing DeployModule#CreateSilentHulkMap...
  Executing DeployModule#Fleets.setGameAddress...
  Executing DeployModule#Fleets.setShipAttributes...
  Executing DeployModule#Game.setAddresses...
  Executing DeployModule#Lobbies.setFleetsAddress...
  Executing DeployModule#Maps.setGameAddress...
  Executing DeployModule#PlaceDriftWreckAIFleet...
  Executing DeployModule#PvPMatch...
  Executing DeployModule#RamResolver...
  Executing DeployModule#ShipsRouter.setFleetsAddress...
  Executing DeployModule#ShipsRouter.setGameAddress...
  Executing DeployModule#SinglePlayerMatch...
  Executing DeployModule#Tournament...
  Executing DeployModule#TransferDroneEnergyCoresOwnership...
  Executing DeployModule#TransferDroneYardOwnership...
  Executing DeployModule#TransferShipAttributesOwnership...
  Executing DeployModule#TransferUniversalCreditsOwnership...

[22A[0JBatch #8
  Executing DeployModule#AllowDroneYardToModifyShips...
  Executing DeployModule#AllowLobbiesToManageFleets...
  Executing DeployModule#CreateDriftWreck...
  Executing DeployModule#CreateSilentHulkMap...
  Executing DeployModule#Fleets.setGameAddress...
  Executing DeployModule#Fleets.setShipAttributes...
  Executing DeployModule#Game.setAddresses...
  Executing DeployModule#Lobbies.setFleetsAddress...
  Executing DeployModule#Maps.setGameAddress...
  Executing DeployModule#PlaceDriftWreckAIFleet...
  Executing DeployModule#PvPMatch...
  Executing DeployModule#RamResolver...
  Executing DeployModule#ShipsRouter.setFleetsAddress...
  Executing DeployModule#ShipsRouter.setGameAddress...
  Executing DeployModule#SinglePlayerMatch...
  Executing DeployModule#Tournament...
  Executing DeployModule#TransferDroneEnergyCoresOwnership...
  Executing DeployModule#TransferDroneYardOwnership...
  Executing DeployModule#TransferShipAttributesOwnership...
  Executing DeployModule#TransferUniversalCreditsOwnership...

[22A[0JBatch #8
  Executing DeployModule#AllowDroneYardToModifyShips...
  Executing DeployModule#AllowLobbiesToManageFleets...
  Executing DeployModule#CreateDriftWreck...
  Executing DeployModule#CreateSilentHulkMap...
  Executing DeployModule#Fleets.setGameAddress...
  Executing DeployModule#Fleets.setShipAttributes...
  Executing DeployModule#Game.setAddresses...
  Executing DeployModule#Lobbies.setFleetsAddress...
  Executing DeployModule#Maps.setGameAddress...
  Executing DeployModule#PlaceDriftWreckAIFleet...
  Executing DeployModule#PvPMatch...
  Executing DeployModule#RamResolver...
  Executing DeployModule#ShipsRouter.setFleetsAddress...
  Executing DeployModule#ShipsRouter.setGameAddress...
  Executing DeployModule#SinglePlayerMatch...
  Executing DeployModule#Tournament...
  Executing DeployModule#TransferDroneEnergyCoresOwnership...
  Executing DeployModule#TransferDroneYardOwnership...
  Executing DeployModule#TransferShipAttributesOwnership...
  Executing DeployModule#TransferUniversalCreditsOwnership...

[22A[0JBatch #8
  Executing DeployModule#AllowDroneYardToModifyShips...
  Executing DeployModule#AllowLobbiesToManageFleets...
  Executing DeployModule#CreateDriftWreck...
  Executing DeployModule#CreateSilentHulkMap...
  Executing DeployModule#Fleets.setGameAddress...
  Executing DeployModule#Fleets.setShipAttributes...
  Executing DeployModule#Game.setAddresses...
  Executing DeployModule#Lobbies.setFleetsAddress...
  Executing DeployModule#Maps.setGameAddress...
  Executing DeployModule#PlaceDriftWreckAIFleet...
  Executing DeployModule#PvPMatch...
  Executing DeployModule#RamResolver...
  Executing DeployModule#ShipsRouter.setFleetsAddress...
  Executing DeployModule#ShipsRouter.setGameAddress...
  Executing DeployModule#SinglePlayerMatch...
  Executing DeployModule#Tournament...
  Executing DeployModule#TransferDroneEnergyCoresOwnership...
  Executing DeployModule#TransferDroneYardOwnership...
  Executing DeployModule#TransferShipAttributesOwnership...
  Executing DeployModule#TransferUniversalCreditsOwnership...

[22A[0JBatch #8
  Executing DeployModule#AllowDroneYardToModifyShips...
  Executing DeployModule#AllowLobbiesToManageFleets...
  Executing DeployModule#CreateDriftWreck...
  Executing DeployModule#CreateSilentHulkMap...
  Executing DeployModule#Fleets.setGameAddress...
  Executing DeployModule#Fleets.setShipAttributes...
  Executing DeployModule#Game.setAddresses...
  Executing DeployModule#Lobbies.setFleetsAddress...
  Executing DeployModule#Maps.setGameAddress...
  Executing DeployModule#PlaceDriftWreckAIFleet...
  Executing DeployModule#PvPMatch...
  Executing DeployModule#RamResolver...
  Executing DeployModule#ShipsRouter.setFleetsAddress...
  Executing DeployModule#ShipsRouter.setGameAddress...
  Executing DeployModule#SinglePlayerMatch...
  Executing DeployModule#Tournament...
  Executing DeployModule#TransferDroneEnergyCoresOwnership...
  Executing DeployModule#TransferDroneYardOwnership...
  Executing DeployModule#TransferShipAttributesOwnership...
  Executing DeployModule#TransferUniversalCreditsOwnership...

[22A[0JBatch #8
  Executing DeployModule#AllowDroneYardToModifyShips...
  Executing DeployModule#AllowLobbiesToManageFleets...
  Executing DeployModule#CreateDriftWreck...
  Executing DeployModule#CreateSilentHulkMap...
  Executing DeployModule#Fleets.setGameAddress...
  Executing DeployModule#Fleets.setShipAttributes...
  Executing DeployModule#Game.setAddresses...
  Executing DeployModule#Lobbies.setFleetsAddress...
  Executing DeployModule#Maps.setGameAddress...
  Executing DeployModule#PlaceDriftWreckAIFleet...
  Executing DeployModule#PvPMatch...
  Executing DeployModule#RamResolver...
  Executing DeployModule#ShipsRouter.setFleetsAddress...
  Executing DeployModule#ShipsRouter.setGameAddress...
  Executing DeployModule#SinglePlayerMatch...
  Executing DeployModule#Tournament...
  Executing DeployModule#TransferDroneEnergyCoresOwnership...
  Executing DeployModule#TransferDroneYardOwnership...
  Executing DeployModule#TransferShipAttributesOwnership...
  Executing DeployModule#TransferUniversalCreditsOwnership...

[22A[0JBatch #8
  Executing DeployModule#AllowDroneYardToModifyShips...
  Executing DeployModule#AllowLobbiesToManageFleets...
  Executing DeployModule#CreateDriftWreck...
  Executing DeployModule#CreateSilentHulkMap...
  Executing DeployModule#Fleets.setGameAddress...
  Executing DeployModule#Fleets.setShipAttributes...
  Executing DeployModule#Game.setAddresses...
  Executing DeployModule#Lobbies.setFleetsAddress...
  Executing DeployModule#Maps.setGameAddress...
  Executing DeployModule#PlaceDriftWreckAIFleet...
  Executing DeployModule#PvPMatch...
  Executing DeployModule#RamResolver...
  Executing DeployModule#ShipsRouter.setFleetsAddress...
  Executing DeployModule#ShipsRouter.setGameAddress...
  Executing DeployModule#SinglePlayerMatch...
  Executing DeployModule#Tournament...
  Executing DeployModule#TransferDroneEnergyCoresOwnership...
  Executing DeployModule#TransferDroneYardOwnership...
  Executing DeployModule#TransferShipAttributesOwnership...
  Executing DeployModule#TransferUniversalCreditsOwnership...

[22A[0JBatch #8
  Executing DeployModule#AllowDroneYardToModifyShips...
  Executing DeployModule#AllowLobbiesToManageFleets...
  Executing DeployModule#CreateDriftWreck...
  Executing DeployModule#CreateSilentHulkMap...
  Executing DeployModule#Fleets.setGameAddress...
  Executing DeployModule#Fleets.setShipAttributes...
  Executing DeployModule#Game.setAddresses...
  Executing DeployModule#Lobbies.setFleetsAddress...
  Executing DeployModule#Maps.setGameAddress...
  Executing DeployModule#PlaceDriftWreckAIFleet...
  Executing DeployModule#PvPMatch...
  Executing DeployModule#RamResolver...
  Executing DeployModule#ShipsRouter.setFleetsAddress...
  Executing DeployModule#ShipsRouter.setGameAddress...
  Executing DeployModule#SinglePlayerMatch...
  Executing DeployModule#Tournament...
  Executing DeployModule#TransferDroneEnergyCoresOwnership...
  Executing DeployModule#TransferDroneYardOwnership...
  Executing DeployModule#TransferShipAttributesOwnership...
  Executing DeployModule#TransferUniversalCreditsOwnership...

[22A[0JBatch #8
  Executing DeployModule#AllowDroneYardToModifyShips...
  Executing DeployModule#AllowLobbiesToManageFleets...
  Executing DeployModule#CreateDriftWreck...
  Executing DeployModule#CreateSilentHulkMap...
  Executing DeployModule#Fleets.setGameAddress...
  Executing DeployModule#Fleets.setShipAttributes...
  Executing DeployModule#Game.setAddresses...
  Executing DeployModule#Lobbies.setFleetsAddress...
  Executing DeployModule#Maps.setGameAddress...
  Executing DeployModule#PlaceDriftWreckAIFleet...
  Executing DeployModule#PvPMatch...
  Executing DeployModule#RamResolver...
  Executing DeployModule#ShipsRouter.setFleetsAddress...
  Executing DeployModule#ShipsRouter.setGameAddress...
  Executing DeployModule#SinglePlayerMatch...
  Executing DeployModule#Tournament...
  Executing DeployModule#TransferDroneEnergyCoresOwnership...
  Executing DeployModule#TransferDroneYardOwnership...
  Executing DeployModule#TransferShipAttributesOwnership...
  Executing DeployModule#TransferUniversalCreditsOwnership...

[22A[0JBatch #8
  Executing DeployModule#AllowDroneYardToModifyShips...
  Executing DeployModule#AllowLobbiesToManageFleets...
  Executing DeployModule#CreateDriftWreck...
  Executing DeployModule#CreateSilentHulkMap...
  Executing DeployModule#Fleets.setGameAddress...
  Executing DeployModule#Fleets.setShipAttributes...
  Executing DeployModule#Game.setAddresses...
  Executing DeployModule#Lobbies.setFleetsAddress...
  Executing DeployModule#Maps.setGameAddress...
  Executing DeployModule#PlaceDriftWreckAIFleet...
  Executing DeployModule#PvPMatch...
  Executing DeployModule#RamResolver...
  Executing DeployModule#ShipsRouter.setFleetsAddress...
  Executing DeployModule#ShipsRouter.setGameAddress...
  Executing DeployModule#SinglePlayerMatch...
  Executing DeployModule#Tournament...
  Executing DeployModule#TransferDroneEnergyCoresOwnership...
  Executing DeployModule#TransferDroneYardOwnership...
  Executing DeployModule#TransferShipAttributesOwnership...
  Executing DeployModule#TransferUniversalCreditsOwnership...

[22A[0JBatch #8
  Executing DeployModule#AllowDroneYardToModifyShips...
  Executing DeployModule#AllowLobbiesToManageFleets...
  Executing DeployModule#CreateDriftWreck...
  Executing DeployModule#CreateSilentHulkMap...
  Executing DeployModule#Fleets.setGameAddress...
  Executing DeployModule#Fleets.setShipAttributes...
  Executing DeployModule#Game.setAddresses...
  Executing DeployModule#Lobbies.setFleetsAddress...
  Executing DeployModule#Maps.setGameAddress...
  Executing DeployModule#PlaceDriftWreckAIFleet...
  Executing DeployModule#PvPMatch...
  Executing DeployModule#RamResolver...
  Executing DeployModule#ShipsRouter.setFleetsAddress...
  Executing DeployModule#ShipsRouter.setGameAddress...
  Executing DeployModule#SinglePlayerMatch...
  Executing DeployModule#Tournament...
  Executing DeployModule#TransferDroneEnergyCoresOwnership...
  Executing DeployModule#TransferDroneYardOwnership...
  Executing DeployModule#TransferShipAttributesOwnership...
  Executing DeployModule#TransferUniversalCreditsOwnership...

[22A[0JBatch #8
  Executing DeployModule#AllowDroneYardToModifyShips...
  Executing DeployModule#AllowLobbiesToManageFleets...
  Executing DeployModule#CreateDriftWreck...
  Executing DeployModule#CreateSilentHulkMap...
  Executing DeployModule#Fleets.setGameAddress...
  Executing DeployModule#Fleets.setShipAttributes...
  Executing DeployModule#Game.setAddresses...
  Executing DeployModule#Lobbies.setFleetsAddress...
  Executing DeployModule#Maps.setGameAddress...
  Executing DeployModule#PlaceDriftWreckAIFleet...
  Executing DeployModule#PvPMatch...
  Executing DeployModule#RamResolver...
  Executing DeployModule#ShipsRouter.setFleetsAddress...
  Executing DeployModule#ShipsRouter.setGameAddress...
  Executing DeployModule#SinglePlayerMatch...
  Executing DeployModule#Tournament...
  Executing DeployModule#TransferDroneEnergyCoresOwnership...
  Executing DeployModule#TransferDroneYardOwnership...
  Executing DeployModule#TransferShipAttributesOwnership...
  Executing DeployModule#TransferUniversalCreditsOwnership...

[22A[0JBatch #8
  Executing DeployModule#AllowDroneYardToModifyShips...
  Executing DeployModule#AllowLobbiesToManageFleets...
  Executing DeployModule#CreateDriftWreck...
  Executing DeployModule#CreateSilentHulkMap...
  Executing DeployModule#Fleets.setGameAddress...
  Executing DeployModule#Fleets.setShipAttributes...
  Executing DeployModule#Game.setAddresses...
  Executing DeployModule#Lobbies.setFleetsAddress...
  Executing DeployModule#Maps.setGameAddress...
  Executing DeployModule#PlaceDriftWreckAIFleet...
  Executing DeployModule#PvPMatch...
  Executing DeployModule#RamResolver...
  Executing DeployModule#ShipsRouter.setFleetsAddress...
  Executing DeployModule#ShipsRouter.setGameAddress...
  Executing DeployModule#SinglePlayerMatch...
  Executing DeployModule#Tournament...
  Executing DeployModule#TransferDroneEnergyCoresOwnership...
  Executing DeployModule#TransferDroneYardOwnership...
  Executing DeployModule#TransferShipAttributesOwnership...
  Executing DeployModule#TransferUniversalCreditsOwnership...

[22A[0JBatch #8
  Executed DeployModule#AllowDroneYardToModifyShips
  Executing DeployModule#AllowLobbiesToManageFleets...
  Executing DeployModule#CreateDriftWreck...
  Executing DeployModule#CreateSilentHulkMap...
  Executing DeployModule#Fleets.setGameAddress...
  Executing DeployModule#Fleets.setShipAttributes...
  Executing DeployModule#Game.setAddresses...
  Executing DeployModule#Lobbies.setFleetsAddress...
  Executing DeployModule#Maps.setGameAddress...
  Executing DeployModule#PlaceDriftWreckAIFleet...
  Executing DeployModule#PvPMatch...
  Executing DeployModule#RamResolver...
  Executing DeployModule#ShipsRouter.setFleetsAddress...
  Executing DeployModule#ShipsRouter.setGameAddress...
  Executing DeployModule#SinglePlayerMatch...
  Executing DeployModule#Tournament...
  Executing DeployModule#TransferDroneEnergyCoresOwnership...
  Executing DeployModule#TransferDroneYardOwnership...
  Executing DeployModule#TransferShipAttributesOwnership...
  Executing DeployModule#TransferUniversalCreditsOwnership...

[22A[0JBatch #8
  Executed DeployModule#AllowDroneYardToModifyShips
  Executed DeployModule#AllowLobbiesToManageFleets
  Executing DeployModule#CreateDriftWreck...
  Executing DeployModule#CreateSilentHulkMap...
  Executing DeployModule#Fleets.setGameAddress...
  Executing DeployModule#Fleets.setShipAttributes...
  Executing DeployModule#Game.setAddresses...
  Executing DeployModule#Lobbies.setFleetsAddress...
  Executing DeployModule#Maps.setGameAddress...
  Executing DeployModule#PlaceDriftWreckAIFleet...
  Executing DeployModule#PvPMatch...
  Executing DeployModule#RamResolver...
  Executing DeployModule#ShipsRouter.setFleetsAddress...
  Executing DeployModule#ShipsRouter.setGameAddress...
  Executing DeployModule#SinglePlayerMatch...
  Executing DeployModule#Tournament...
  Executing DeployModule#TransferDroneEnergyCoresOwnership...
  Executing DeployModule#TransferDroneYardOwnership...
  Executing DeployModule#TransferShipAttributesOwnership...
  Executing DeployModule#TransferUniversalCreditsOwnership...

[22A[0JBatch #8
  Executed DeployModule#AllowDroneYardToModifyShips
  Executed DeployModule#AllowLobbiesToManageFleets
  Executed DeployModule#CreateDriftWreck
  Executing DeployModule#CreateSilentHulkMap...
  Executing DeployModule#Fleets.setGameAddress...
  Executing DeployModule#Fleets.setShipAttributes...
  Executing DeployModule#Game.setAddresses...
  Executing DeployModule#Lobbies.setFleetsAddress...
  Executing DeployModule#Maps.setGameAddress...
  Executing DeployModule#PlaceDriftWreckAIFleet...
  Executing DeployModule#PvPMatch...
  Executing DeployModule#RamResolver...
  Executing DeployModule#ShipsRouter.setFleetsAddress...
  Executing DeployModule#ShipsRouter.setGameAddress...
  Executing DeployModule#SinglePlayerMatch...
  Executing DeployModule#Tournament...
  Executing DeployModule#TransferDroneEnergyCoresOwnership...
  Executing DeployModule#TransferDroneYardOwnership...
  Executing DeployModule#TransferShipAttributesOwnership...
  Executing DeployModule#TransferUniversalCreditsOwnership...

[22A[0JBatch #8
  Executed DeployModule#AllowDroneYardToModifyShips
  Executed DeployModule#AllowLobbiesToManageFleets
  Executed DeployModule#CreateDriftWreck
  Executed DeployModule#CreateSilentHulkMap
  Executing DeployModule#Fleets.setGameAddress...
  Executing DeployModule#Fleets.setShipAttributes...
  Executing DeployModule#Game.setAddresses...
  Executing DeployModule#Lobbies.setFleetsAddress...
  Executing DeployModule#Maps.setGameAddress...
  Executing DeployModule#PlaceDriftWreckAIFleet...
  Executing DeployModule#PvPMatch...
  Executing DeployModule#RamResolver...
  Executing DeployModule#ShipsRouter.setFleetsAddress...
  Executing DeployModule#ShipsRouter.setGameAddress...
  Executing DeployModule#SinglePlayerMatch...
  Executing DeployModule#Tournament...
  Executing DeployModule#TransferDroneEnergyCoresOwnership...
  Executing DeployModule#TransferDroneYardOwnership...
  Executing DeployModule#TransferShipAttributesOwnership...
  Executing DeployModule#TransferUniversalCreditsOwnership...

[22A[0JBatch #8
  Executed DeployModule#AllowDroneYardToModifyShips
  Executed DeployModule#AllowLobbiesToManageFleets
  Executed DeployModule#CreateDriftWreck
  Executed DeployModule#CreateSilentHulkMap
  Executed DeployModule#Fleets.setGameAddress
  Executing DeployModule#Fleets.setShipAttributes...
  Executing DeployModule#Game.setAddresses...
  Executing DeployModule#Lobbies.setFleetsAddress...
  Executing DeployModule#Maps.setGameAddress...
  Executing DeployModule#PlaceDriftWreckAIFleet...
  Executing DeployModule#PvPMatch...
  Executing DeployModule#RamResolver...
  Executing DeployModule#ShipsRouter.setFleetsAddress...
  Executing DeployModule#ShipsRouter.setGameAddress...
  Executing DeployModule#SinglePlayerMatch...
  Executing DeployModule#Tournament...
  Executing DeployModule#TransferDroneEnergyCoresOwnership...
  Executing DeployModule#TransferDroneYardOwnership...
  Executing DeployModule#TransferShipAttributesOwnership...
  Executing DeployModule#TransferUniversalCreditsOwnership...

[22A[0JBatch #8
  Executed DeployModule#AllowDroneYardToModifyShips
  Executed DeployModule#AllowLobbiesToManageFleets
  Executed DeployModule#CreateDriftWreck
  Executed DeployModule#CreateSilentHulkMap
  Executed DeployModule#Fleets.setGameAddress
  Executed DeployModule#Fleets.setShipAttributes
  Executing DeployModule#Game.setAddresses...
  Executing DeployModule#Lobbies.setFleetsAddress...
  Executing DeployModule#Maps.setGameAddress...
  Executing DeployModule#PlaceDriftWreckAIFleet...
  Executing DeployModule#PvPMatch...
  Executing DeployModule#RamResolver...
  Executing DeployModule#ShipsRouter.setFleetsAddress...
  Executing DeployModule#ShipsRouter.setGameAddress...
  Executing DeployModule#SinglePlayerMatch...
  Executing DeployModule#Tournament...
  Executing DeployModule#TransferDroneEnergyCoresOwnership...
  Executing DeployModule#TransferDroneYardOwnership...
  Executing DeployModule#TransferShipAttributesOwnership...
  Executing DeployModule#TransferUniversalCreditsOwnership...

[22A[0JBatch #8
  Executed DeployModule#AllowDroneYardToModifyShips
  Executed DeployModule#AllowLobbiesToManageFleets
  Executed DeployModule#CreateDriftWreck
  Executed DeployModule#CreateSilentHulkMap
  Executed DeployModule#Fleets.setGameAddress
  Executed DeployModule#Fleets.setShipAttributes
  Executed DeployModule#Game.setAddresses
  Executing DeployModule#Lobbies.setFleetsAddress...
  Executing DeployModule#Maps.setGameAddress...
  Executing DeployModule#PlaceDriftWreckAIFleet...
  Executing DeployModule#PvPMatch...
  Executing DeployModule#RamResolver...
  Executing DeployModule#ShipsRouter.setFleetsAddress...
  Executing DeployModule#ShipsRouter.setGameAddress...
  Executing DeployModule#SinglePlayerMatch...
  Executing DeployModule#Tournament...
  Executing DeployModule#TransferDroneEnergyCoresOwnership...
  Executing DeployModule#TransferDroneYardOwnership...
  Executing DeployModule#TransferShipAttributesOwnership...
  Executing DeployModule#TransferUniversalCreditsOwnership...

[22A[0JBatch #8
  Executed DeployModule#AllowDroneYardToModifyShips
  Executed DeployModule#AllowLobbiesToManageFleets
  Executed DeployModule#CreateDriftWreck
  Executed DeployModule#CreateSilentHulkMap
  Executed DeployModule#Fleets.setGameAddress
  Executed DeployModule#Fleets.setShipAttributes
  Executed DeployModule#Game.setAddresses
  Executed DeployModule#Lobbies.setFleetsAddress
  Executing DeployModule#Maps.setGameAddress...
  Executing DeployModule#PlaceDriftWreckAIFleet...
  Executing DeployModule#PvPMatch...
  Executing DeployModule#RamResolver...
  Executing DeployModule#ShipsRouter.setFleetsAddress...
  Executing DeployModule#ShipsRouter.setGameAddress...
  Executing DeployModule#SinglePlayerMatch...
  Executing DeployModule#Tournament...
  Executing DeployModule#TransferDroneEnergyCoresOwnership...
  Executing DeployModule#TransferDroneYardOwnership...
  Executing DeployModule#TransferShipAttributesOwnership...
  Executing DeployModule#TransferUniversalCreditsOwnership...

[22A[0JBatch #8
  Executed DeployModule#AllowDroneYardToModifyShips
  Executed DeployModule#AllowLobbiesToManageFleets
  Executed DeployModule#CreateDriftWreck
  Executed DeployModule#CreateSilentHulkMap
  Executed DeployModule#Fleets.setGameAddress
  Executed DeployModule#Fleets.setShipAttributes
  Executed DeployModule#Game.setAddresses
  Executed DeployModule#Lobbies.setFleetsAddress
  Executed DeployModule#Maps.setGameAddress
  Executing DeployModule#PlaceDriftWreckAIFleet...
  Executing DeployModule#PvPMatch...
  Executing DeployModule#RamResolver...
  Executing DeployModule#ShipsRouter.setFleetsAddress...
  Executing DeployModule#ShipsRouter.setGameAddress...
  Executing DeployModule#SinglePlayerMatch...
  Executing DeployModule#Tournament...
  Executing DeployModule#TransferDroneEnergyCoresOwnership...
  Executing DeployModule#TransferDroneYardOwnership...
  Executing DeployModule#TransferShipAttributesOwnership...
  Executing DeployModule#TransferUniversalCreditsOwnership...

[22A[0JBatch #8
  Executed DeployModule#AllowDroneYardToModifyShips
  Executed DeployModule#AllowLobbiesToManageFleets
  Executed DeployModule#CreateDriftWreck
  Executed DeployModule#CreateSilentHulkMap
  Executed DeployModule#Fleets.setGameAddress
  Executed DeployModule#Fleets.setShipAttributes
  Executed DeployModule#Game.setAddresses
  Executed DeployModule#Lobbies.setFleetsAddress
  Executed DeployModule#Maps.setGameAddress
  Executed DeployModule#PlaceDriftWreckAIFleet
  Executing DeployModule#PvPMatch...
  Executing DeployModule#RamResolver...
  Executing DeployModule#ShipsRouter.setFleetsAddress...
  Executing DeployModule#ShipsRouter.setGameAddress...
  Executing DeployModule#SinglePlayerMatch...
  Executing DeployModule#Tournament...
  Executing DeployModule#TransferDroneEnergyCoresOwnership...
  Executing DeployModule#TransferDroneYardOwnership...
  Executing DeployModule#TransferShipAttributesOwnership...
  Executing DeployModule#TransferUniversalCreditsOwnership...

[22A[0JBatch #8
  Executed DeployModule#AllowDroneYardToModifyShips
  Executed DeployModule#AllowLobbiesToManageFleets
  Executed DeployModule#CreateDriftWreck
  Executed DeployModule#CreateSilentHulkMap
  Executed DeployModule#Fleets.setGameAddress
  Executed DeployModule#Fleets.setShipAttributes
  Executed DeployModule#Game.setAddresses
  Executed DeployModule#Lobbies.setFleetsAddress
  Executed DeployModule#Maps.setGameAddress
  Executed DeployModule#PlaceDriftWreckAIFleet
  Executed DeployModule#PvPMatch
  Executing DeployModule#RamResolver...
  Executing DeployModule#ShipsRouter.setFleetsAddress...
  Executing DeployModule#ShipsRouter.setGameAddress...
  Executing DeployModule#SinglePlayerMatch...
  Executing DeployModule#Tournament...
  Executing DeployModule#TransferDroneEnergyCoresOwnership...
  Executing DeployModule#TransferDroneYardOwnership...
  Executing DeployModule#TransferShipAttributesOwnership...
  Executing DeployModule#TransferUniversalCreditsOwnership...

[22A[0JBatch #8
  Executed DeployModule#AllowDroneYardToModifyShips
  Executed DeployModule#AllowLobbiesToManageFleets
  Executed DeployModule#CreateDriftWreck
  Executed DeployModule#CreateSilentHulkMap
  Executed DeployModule#Fleets.setGameAddress
  Executed DeployModule#Fleets.setShipAttributes
  Executed DeployModule#Game.setAddresses
  Executed DeployModule#Lobbies.setFleetsAddress
  Executed DeployModule#Maps.setGameAddress
  Executed DeployModule#PlaceDriftWreckAIFleet
  Executed DeployModule#PvPMatch
  Executed DeployModule#RamResolver
  Executing DeployModule#ShipsRouter.setFleetsAddress...
  Executing DeployModule#ShipsRouter.setGameAddress...
  Executing DeployModule#SinglePlayerMatch...
  Executing DeployModule#Tournament...
  Executing DeployModule#TransferDroneEnergyCoresOwnership...
  Executing DeployModule#TransferDroneYardOwnership...
  Executing DeployModule#TransferShipAttributesOwnership...
  Executing DeployModule#TransferUniversalCreditsOwnership...

[22A[0JBatch #8
  Executed DeployModule#AllowDroneYardToModifyShips
  Executed DeployModule#AllowLobbiesToManageFleets
  Executed DeployModule#CreateDriftWreck
  Executed DeployModule#CreateSilentHulkMap
  Executed DeployModule#Fleets.setGameAddress
  Executed DeployModule#Fleets.setShipAttributes
  Executed DeployModule#Game.setAddresses
  Executed DeployModule#Lobbies.setFleetsAddress
  Executed DeployModule#Maps.setGameAddress
  Executed DeployModule#PlaceDriftWreckAIFleet
  Executed DeployModule#PvPMatch
  Executed DeployModule#RamResolver
  Executed DeployModule#ShipsRouter.setFleetsAddress
  Executing DeployModule#ShipsRouter.setGameAddress...
  Executing DeployModule#SinglePlayerMatch...
  Executing DeployModule#Tournament...
  Executing DeployModule#TransferDroneEnergyCoresOwnership...
  Executing DeployModule#TransferDroneYardOwnership...
  Executing DeployModule#TransferShipAttributesOwnership...
  Executing DeployModule#TransferUniversalCreditsOwnership...

[22A[0JBatch #8
  Executed DeployModule#AllowDroneYardToModifyShips
  Executed DeployModule#AllowLobbiesToManageFleets
  Executed DeployModule#CreateDriftWreck
  Executed DeployModule#CreateSilentHulkMap
  Executed DeployModule#Fleets.setGameAddress
  Executed DeployModule#Fleets.setShipAttributes
  Executed DeployModule#Game.setAddresses
  Executed DeployModule#Lobbies.setFleetsAddress
  Executed DeployModule#Maps.setGameAddress
  Executed DeployModule#PlaceDriftWreckAIFleet
  Executed DeployModule#PvPMatch
  Executed DeployModule#RamResolver
  Executed DeployModule#ShipsRouter.setFleetsAddress
  Executed DeployModule#ShipsRouter.setGameAddress
  Executing DeployModule#SinglePlayerMatch...
  Executing DeployModule#Tournament...
  Executing DeployModule#TransferDroneEnergyCoresOwnership...
  Executing DeployModule#TransferDroneYardOwnership...
  Executing DeployModule#TransferShipAttributesOwnership...
  Executing DeployModule#TransferUniversalCreditsOwnership...

[22A[0JBatch #8
  Executed DeployModule#AllowDroneYardToModifyShips
  Executed DeployModule#AllowLobbiesToManageFleets
  Executed DeployModule#CreateDriftWreck
  Executed DeployModule#CreateSilentHulkMap
  Executed DeployModule#Fleets.setGameAddress
  Executed DeployModule#Fleets.setShipAttributes
  Executed DeployModule#Game.setAddresses
  Executed DeployModule#Lobbies.setFleetsAddress
  Executed DeployModule#Maps.setGameAddress
  Executed DeployModule#PlaceDriftWreckAIFleet
  Executed DeployModule#PvPMatch
  Executed DeployModule#RamResolver
  Executed DeployModule#ShipsRouter.setFleetsAddress
  Executed DeployModule#ShipsRouter.setGameAddress
  Executed DeployModule#SinglePlayerMatch
  Executing DeployModule#Tournament...
  Executing DeployModule#TransferDroneEnergyCoresOwnership...
  Executing DeployModule#TransferDroneYardOwnership...
  Executing DeployModule#TransferShipAttributesOwnership...
  Executing DeployModule#TransferUniversalCreditsOwnership...

[22A[0JBatch #8
  Executed DeployModule#AllowDroneYardToModifyShips
  Executed DeployModule#AllowLobbiesToManageFleets
  Executed DeployModule#CreateDriftWreck
  Executed DeployModule#CreateSilentHulkMap
  Executed DeployModule#Fleets.setGameAddress
  Executed DeployModule#Fleets.setShipAttributes
  Executed DeployModule#Game.setAddresses
  Executed DeployModule#Lobbies.setFleetsAddress
  Executed DeployModule#Maps.setGameAddress
  Executed DeployModule#PlaceDriftWreckAIFleet
  Executed DeployModule#PvPMatch
  Executed DeployModule#RamResolver
  Executed DeployModule#ShipsRouter.setFleetsAddress
  Executed DeployModule#ShipsRouter.setGameAddress
  Executed DeployModule#SinglePlayerMatch
  Executed DeployModule#Tournament
  Executing DeployModule#TransferDroneEnergyCoresOwnership...
  Executing DeployModule#TransferDroneYardOwnership...
  Executing DeployModule#TransferShipAttributesOwnership...
  Executing DeployModule#TransferUniversalCreditsOwnership...

[22A[0JBatch #8
  Executed DeployModule#AllowDroneYardToModifyShips
  Executed DeployModule#AllowLobbiesToManageFleets
  Executed DeployModule#CreateDriftWreck
  Executed DeployModule#CreateSilentHulkMap
  Executed DeployModule#Fleets.setGameAddress
  Executed DeployModule#Fleets.setShipAttributes
  Executed DeployModule#Game.setAddresses
  Executed DeployModule#Lobbies.setFleetsAddress
  Executed DeployModule#Maps.setGameAddress
  Executed DeployModule#PlaceDriftWreckAIFleet
  Executed DeployModule#PvPMatch
  Executed DeployModule#RamResolver
  Executed DeployModule#ShipsRouter.setFleetsAddress
  Executed DeployModule#ShipsRouter.setGameAddress
  Executed DeployModule#SinglePlayerMatch
  Executed DeployModule#Tournament
  Executed DeployModule#TransferDroneEnergyCoresOwnership
  Executing DeployModule#TransferDroneYardOwnership...
  Executing DeployModule#TransferShipAttributesOwnership...
  Executing DeployModule#TransferUniversalCreditsOwnership...

[22A[0JBatch #8
  Executed DeployModule#AllowDroneYardToModifyShips
  Executed DeployModule#AllowLobbiesToManageFleets
  Executed DeployModule#CreateDriftWreck
  Executed DeployModule#CreateSilentHulkMap
  Executed DeployModule#Fleets.setGameAddress
  Executed DeployModule#Fleets.setShipAttributes
  Executed DeployModule#Game.setAddresses
  Executed DeployModule#Lobbies.setFleetsAddress
  Executed DeployModule#Maps.setGameAddress
  Executed DeployModule#PlaceDriftWreckAIFleet
  Executed DeployModule#PvPMatch
  Executed DeployModule#RamResolver
  Executed DeployModule#ShipsRouter.setFleetsAddress
  Executed DeployModule#ShipsRouter.setGameAddress
  Executed DeployModule#SinglePlayerMatch
  Executed DeployModule#Tournament
  Executed DeployModule#TransferDroneEnergyCoresOwnership
  Executed DeployModule#TransferDroneYardOwnership
  Executing DeployModule#TransferShipAttributesOwnership...
  Executing DeployModule#TransferUniversalCreditsOwnership...

[22A[0JBatch #8
  Executed DeployModule#AllowDroneYardToModifyShips
  Executed DeployModule#AllowLobbiesToManageFleets
  Executed DeployModule#CreateDriftWreck
  Executed DeployModule#CreateSilentHulkMap
  Executed DeployModule#Fleets.setGameAddress
  Executed DeployModule#Fleets.setShipAttributes
  Executed DeployModule#Game.setAddresses
  Executed DeployModule#Lobbies.setFleetsAddress
  Executed DeployModule#Maps.setGameAddress
  Executed DeployModule#PlaceDriftWreckAIFleet
  Executed DeployModule#PvPMatch
  Executed DeployModule#RamResolver
  Executed DeployModule#ShipsRouter.setFleetsAddress
  Executed DeployModule#ShipsRouter.setGameAddress
  Executed DeployModule#SinglePlayerMatch
  Executed DeployModule#Tournament
  Executed DeployModule#TransferDroneEnergyCoresOwnership
  Executed DeployModule#TransferDroneYardOwnership
  Executed DeployModule#TransferShipAttributesOwnership
  Executing DeployModule#TransferUniversalCreditsOwnership...

[22A[0JBatch #8
  Executed DeployModule#AllowDroneYardToModifyShips
  Executed DeployModule#AllowLobbiesToManageFleets
  Executed DeployModule#CreateDriftWreck
  Executed DeployModule#CreateSilentHulkMap
  Executed DeployModule#Fleets.setGameAddress
  Executed DeployModule#Fleets.setShipAttributes
  Executed DeployModule#Game.setAddresses
  Executed DeployModule#Lobbies.setFleetsAddress
  Executed DeployModule#Maps.setGameAddress
  Executed DeployModule#PlaceDriftWreckAIFleet
  Executed DeployModule#PvPMatch
  Executed DeployModule#RamResolver
  Executed DeployModule#ShipsRouter.setFleetsAddress
  Executed DeployModule#ShipsRouter.setGameAddress
  Executed DeployModule#SinglePlayerMatch
  Executed DeployModule#Tournament
  Executed DeployModule#TransferDroneEnergyCoresOwnership
  Executed DeployModule#TransferDroneYardOwnership
  Executed DeployModule#TransferShipAttributesOwnership
  Executed DeployModule#TransferUniversalCreditsOwnership

[22A[0JBatch #8
  Executed DeployModule#AllowDroneYardToModifyShips
  Executed DeployModule#AllowLobbiesToManageFleets
  Executed DeployModule#CreateDriftWreck
  Executed DeployModule#CreateSilentHulkMap
  Executed DeployModule#Fleets.setGameAddress
  Executed DeployModule#Fleets.setShipAttributes
  Executed DeployModule#Game.setAddresses
  Executed DeployModule#Lobbies.setFleetsAddress
  Executed DeployModule#Maps.setGameAddress
  Executed DeployModule#PlaceDriftWreckAIFleet
  Executed DeployModule#PvPMatch
  Executed DeployModule#RamResolver
  Executed DeployModule#ShipsRouter.setFleetsAddress
  Executed DeployModule#ShipsRouter.setGameAddress
  Executed DeployModule#SinglePlayerMatch
  Executed DeployModule#Tournament
  Executed DeployModule#TransferDroneEnergyCoresOwnership
  Executed DeployModule#TransferDroneYardOwnership
  Executed DeployModule#TransferShipAttributesOwnership
  Executed DeployModule#TransferUniversalCreditsOwnership

Batch #9
  Executing DeployModule#AllowPvPMatchToStartGames...
  Executing DeployModule#AllowSinglePlayerMatchToCompleteNodes...
  Executing DeployModule#AllowSinglePlayerMatchToCreateAIShips...
  Executing DeployModule#AllowSinglePlayerMatchToManageFleets...
  Executing DeployModule#AllowSinglePlayerMatchToStartGames...
  Executing DeployModule#CreateSilentHulk...
  Executing DeployModule#CreateWarlordsRedoubtMap...
  Executing DeployModule#Game.setFactionAbilityResolver...
  Executing DeployModule#GameResults.setGameContract...
  Executing DeployModule#Lobbies.setPvpMatchAddress...
  Executing DeployModule#PlaceSilentHulkAIFleet...
  Executing DeployModule#PvPMatch.setLobbiesAddress...
  Executing DeployModule#Ships.setConfig...
  Executing DeployModule#ShipsRouter.setLobbyAddress...
  Executing DeployModule#SinglePlayerMatch.setUniversalCreditsAddress...
  Executing DeployModule#TransferTournamentOwnership...

[18A[0JBatch #9
  Executing DeployModule#AllowPvPMatchToStartGames...
  Executing DeployModule#AllowSinglePlayerMatchToCompleteNodes...
  Executing DeployModule#AllowSinglePlayerMatchToCreateAIShips...
  Executing DeployModule#AllowSinglePlayerMatchToManageFleets...
  Executing DeployModule#AllowSinglePlayerMatchToStartGames...
  Executing DeployModule#CreateSilentHulk...
  Executing DeployModule#CreateWarlordsRedoubtMap...
  Executing DeployModule#Game.setFactionAbilityResolver...
  Executing DeployModule#GameResults.setGameContract...
  Executing DeployModule#Lobbies.setPvpMatchAddress...
  Executing DeployModule#PlaceSilentHulkAIFleet...
  Executing DeployModule#PvPMatch.setLobbiesAddress...
  Executing DeployModule#Ships.setConfig...
  Executing DeployModule#ShipsRouter.setLobbyAddress...
  Executing DeployModule#SinglePlayerMatch.setUniversalCreditsAddress...
  Executing DeployModule#TransferTournamentOwnership...

[18A[0JBatch #9
  Executing DeployModule#AllowPvPMatchToStartGames...
  Executing DeployModule#AllowSinglePlayerMatchToCompleteNodes...
  Executing DeployModule#AllowSinglePlayerMatchToCreateAIShips...
  Executing DeployModule#AllowSinglePlayerMatchToManageFleets...
  Executing DeployModule#AllowSinglePlayerMatchToStartGames...
  Executing DeployModule#CreateSilentHulk...
  Executing DeployModule#CreateWarlordsRedoubtMap...
  Executing DeployModule#Game.setFactionAbilityResolver...
  Executing DeployModule#GameResults.setGameContract...
  Executing DeployModule#Lobbies.setPvpMatchAddress...
  Executing DeployModule#PlaceSilentHulkAIFleet...
  Executing DeployModule#PvPMatch.setLobbiesAddress...
  Executing DeployModule#Ships.setConfig...
  Executing DeployModule#ShipsRouter.setLobbyAddress...
  Executing DeployModule#SinglePlayerMatch.setUniversalCreditsAddress...
  Executing DeployModule#TransferTournamentOwnership...

[18A[0JBatch #9
  Executing DeployModule#AllowPvPMatchToStartGames...
  Executing DeployModule#AllowSinglePlayerMatchToCompleteNodes...
  Executing DeployModule#AllowSinglePlayerMatchToCreateAIShips...
  Executing DeployModule#AllowSinglePlayerMatchToManageFleets...
  Executing DeployModule#AllowSinglePlayerMatchToStartGames...
  Executing DeployModule#CreateSilentHulk...
  Executing DeployModule#CreateWarlordsRedoubtMap...
  Executing DeployModule#Game.setFactionAbilityResolver...
  Executing DeployModule#GameResults.setGameContract...
  Executing DeployModule#Lobbies.setPvpMatchAddress...
  Executing DeployModule#PlaceSilentHulkAIFleet...
  Executing DeployModule#PvPMatch.setLobbiesAddress...
  Executing DeployModule#Ships.setConfig...
  Executing DeployModule#ShipsRouter.setLobbyAddress...
  Executing DeployModule#SinglePlayerMatch.setUniversalCreditsAddress...
  Executing DeployModule#TransferTournamentOwnership...

[18A[0JBatch #9
  Executing DeployModule#AllowPvPMatchToStartGames...
  Executing DeployModule#AllowSinglePlayerMatchToCompleteNodes...
  Executing DeployModule#AllowSinglePlayerMatchToCreateAIShips...
  Executing DeployModule#AllowSinglePlayerMatchToManageFleets...
  Executing DeployModule#AllowSinglePlayerMatchToStartGames...
  Executing DeployModule#CreateSilentHulk...
  Executing DeployModule#CreateWarlordsRedoubtMap...
  Executing DeployModule#Game.setFactionAbilityResolver...
  Executing DeployModule#GameResults.setGameContract...
  Executing DeployModule#Lobbies.setPvpMatchAddress...
  Executing DeployModule#PlaceSilentHulkAIFleet...
  Executing DeployModule#PvPMatch.setLobbiesAddress...
  Executing DeployModule#Ships.setConfig...
  Executing DeployModule#ShipsRouter.setLobbyAddress...
  Executing DeployModule#SinglePlayerMatch.setUniversalCreditsAddress...
  Executing DeployModule#TransferTournamentOwnership...

[18A[0JBatch #9
  Executing DeployModule#AllowPvPMatchToStartGames...
  Executing DeployModule#AllowSinglePlayerMatchToCompleteNodes...
  Executing DeployModule#AllowSinglePlayerMatchToCreateAIShips...
  Executing DeployModule#AllowSinglePlayerMatchToManageFleets...
  Executing DeployModule#AllowSinglePlayerMatchToStartGames...
  Executing DeployModule#CreateSilentHulk...
  Executing DeployModule#CreateWarlordsRedoubtMap...
  Executing DeployModule#Game.setFactionAbilityResolver...
  Executing DeployModule#GameResults.setGameContract...
  Executing DeployModule#Lobbies.setPvpMatchAddress...
  Executing DeployModule#PlaceSilentHulkAIFleet...
  Executing DeployModule#PvPMatch.setLobbiesAddress...
  Executing DeployModule#Ships.setConfig...
  Executing DeployModule#ShipsRouter.setLobbyAddress...
  Executing DeployModule#SinglePlayerMatch.setUniversalCreditsAddress...
  Executing DeployModule#TransferTournamentOwnership...

[18A[0JBatch #9
  Executing DeployModule#AllowPvPMatchToStartGames...
  Executing DeployModule#AllowSinglePlayerMatchToCompleteNodes...
  Executing DeployModule#AllowSinglePlayerMatchToCreateAIShips...
  Executing DeployModule#AllowSinglePlayerMatchToManageFleets...
  Executing DeployModule#AllowSinglePlayerMatchToStartGames...
  Executing DeployModule#CreateSilentHulk...
  Executing DeployModule#CreateWarlordsRedoubtMap...
  Executing DeployModule#Game.setFactionAbilityResolver...
  Executing DeployModule#GameResults.setGameContract...
  Executing DeployModule#Lobbies.setPvpMatchAddress...
  Executing DeployModule#PlaceSilentHulkAIFleet...
  Executing DeployModule#PvPMatch.setLobbiesAddress...
  Executing DeployModule#Ships.setConfig...
  Executing DeployModule#ShipsRouter.setLobbyAddress...
  Executing DeployModule#SinglePlayerMatch.setUniversalCreditsAddress...
  Executing DeployModule#TransferTournamentOwnership...

[18A[0JBatch #9
  Executing DeployModule#AllowPvPMatchToStartGames...
  Executing DeployModule#AllowSinglePlayerMatchToCompleteNodes...
  Executing DeployModule#AllowSinglePlayerMatchToCreateAIShips...
  Executing DeployModule#AllowSinglePlayerMatchToManageFleets...
  Executing DeployModule#AllowSinglePlayerMatchToStartGames...
  Executing DeployModule#CreateSilentHulk...
  Executing DeployModule#CreateWarlordsRedoubtMap...
  Executing DeployModule#Game.setFactionAbilityResolver...
  Executing DeployModule#GameResults.setGameContract...
  Executing DeployModule#Lobbies.setPvpMatchAddress...
  Executing DeployModule#PlaceSilentHulkAIFleet...
  Executing DeployModule#PvPMatch.setLobbiesAddress...
  Executing DeployModule#Ships.setConfig...
  Executing DeployModule#ShipsRouter.setLobbyAddress...
  Executing DeployModule#SinglePlayerMatch.setUniversalCreditsAddress...
  Executing DeployModule#TransferTournamentOwnership...

[18A[0JBatch #9
  Executing DeployModule#AllowPvPMatchToStartGames...
  Executing DeployModule#AllowSinglePlayerMatchToCompleteNodes...
  Executing DeployModule#AllowSinglePlayerMatchToCreateAIShips...
  Executing DeployModule#AllowSinglePlayerMatchToManageFleets...
  Executing DeployModule#AllowSinglePlayerMatchToStartGames...
  Executing DeployModule#CreateSilentHulk...
  Executing DeployModule#CreateWarlordsRedoubtMap...
  Executing DeployModule#Game.setFactionAbilityResolver...
  Executing DeployModule#GameResults.setGameContract...
  Executing DeployModule#Lobbies.setPvpMatchAddress...
  Executing DeployModule#PlaceSilentHulkAIFleet...
  Executing DeployModule#PvPMatch.setLobbiesAddress...
  Executing DeployModule#Ships.setConfig...
  Executing DeployModule#ShipsRouter.setLobbyAddress...
  Executing DeployModule#SinglePlayerMatch.setUniversalCreditsAddress...
  Executing DeployModule#TransferTournamentOwnership...

[18A[0JBatch #9
  Executing DeployModule#AllowPvPMatchToStartGames...
  Executing DeployModule#AllowSinglePlayerMatchToCompleteNodes...
  Executing DeployModule#AllowSinglePlayerMatchToCreateAIShips...
  Executing DeployModule#AllowSinglePlayerMatchToManageFleets...
  Executing DeployModule#AllowSinglePlayerMatchToStartGames...
  Executing DeployModule#CreateSilentHulk...
  Executing DeployModule#CreateWarlordsRedoubtMap...
  Executing DeployModule#Game.setFactionAbilityResolver...
  Executing DeployModule#GameResults.setGameContract...
  Executing DeployModule#Lobbies.setPvpMatchAddress...
  Executing DeployModule#PlaceSilentHulkAIFleet...
  Executing DeployModule#PvPMatch.setLobbiesAddress...
  Executing DeployModule#Ships.setConfig...
  Executing DeployModule#ShipsRouter.setLobbyAddress...
  Executing DeployModule#SinglePlayerMatch.setUniversalCreditsAddress...
  Executing DeployModule#TransferTournamentOwnership...

[18A[0JBatch #9
  Executing DeployModule#AllowPvPMatchToStartGames...
  Executing DeployModule#AllowSinglePlayerMatchToCompleteNodes...
  Executing DeployModule#AllowSinglePlayerMatchToCreateAIShips...
  Executing DeployModule#AllowSinglePlayerMatchToManageFleets...
  Executing DeployModule#AllowSinglePlayerMatchToStartGames...
  Executing DeployModule#CreateSilentHulk...
  Executing DeployModule#CreateWarlordsRedoubtMap...
  Executing DeployModule#Game.setFactionAbilityResolver...
  Executing DeployModule#GameResults.setGameContract...
  Executing DeployModule#Lobbies.setPvpMatchAddress...
  Executing DeployModule#PlaceSilentHulkAIFleet...
  Executing DeployModule#PvPMatch.setLobbiesAddress...
  Executing DeployModule#Ships.setConfig...
  Executing DeployModule#ShipsRouter.setLobbyAddress...
  Executing DeployModule#SinglePlayerMatch.setUniversalCreditsAddress...
  Executing DeployModule#TransferTournamentOwnership...

[18A[0JBatch #9
  Executing DeployModule#AllowPvPMatchToStartGames...
  Executing DeployModule#AllowSinglePlayerMatchToCompleteNodes...
  Executing DeployModule#AllowSinglePlayerMatchToCreateAIShips...
  Executing DeployModule#AllowSinglePlayerMatchToManageFleets...
  Executing DeployModule#AllowSinglePlayerMatchToStartGames...
  Executing DeployModule#CreateSilentHulk...
  Executing DeployModule#CreateWarlordsRedoubtMap...
  Executing DeployModule#Game.setFactionAbilityResolver...
  Executing DeployModule#GameResults.setGameContract...
  Executing DeployModule#Lobbies.setPvpMatchAddress...
  Executing DeployModule#PlaceSilentHulkAIFleet...
  Executing DeployModule#PvPMatch.setLobbiesAddress...
  Executing DeployModule#Ships.setConfig...
  Executing DeployModule#ShipsRouter.setLobbyAddress...
  Executing DeployModule#SinglePlayerMatch.setUniversalCreditsAddress...
  Executing DeployModule#TransferTournamentOwnership...

[18A[0JBatch #9
  Executing DeployModule#AllowPvPMatchToStartGames...
  Executing DeployModule#AllowSinglePlayerMatchToCompleteNodes...
  Executing DeployModule#AllowSinglePlayerMatchToCreateAIShips...
  Executing DeployModule#AllowSinglePlayerMatchToManageFleets...
  Executing DeployModule#AllowSinglePlayerMatchToStartGames...
  Executing DeployModule#CreateSilentHulk...
  Executing DeployModule#CreateWarlordsRedoubtMap...
  Executing DeployModule#Game.setFactionAbilityResolver...
  Executing DeployModule#GameResults.setGameContract...
  Executing DeployModule#Lobbies.setPvpMatchAddress...
  Executing DeployModule#PlaceSilentHulkAIFleet...
  Executing DeployModule#PvPMatch.setLobbiesAddress...
  Executing DeployModule#Ships.setConfig...
  Executing DeployModule#ShipsRouter.setLobbyAddress...
  Executing DeployModule#SinglePlayerMatch.setUniversalCreditsAddress...
  Executing DeployModule#TransferTournamentOwnership...

[18A[0JBatch #9
  Executing DeployModule#AllowPvPMatchToStartGames...
  Executing DeployModule#AllowSinglePlayerMatchToCompleteNodes...
  Executing DeployModule#AllowSinglePlayerMatchToCreateAIShips...
  Executing DeployModule#AllowSinglePlayerMatchToManageFleets...
  Executing DeployModule#AllowSinglePlayerMatchToStartGames...
  Executing DeployModule#CreateSilentHulk...
  Executing DeployModule#CreateWarlordsRedoubtMap...
  Executing DeployModule#Game.setFactionAbilityResolver...
  Executing DeployModule#GameResults.setGameContract...
  Executing DeployModule#Lobbies.setPvpMatchAddress...
  Executing DeployModule#PlaceSilentHulkAIFleet...
  Executing DeployModule#PvPMatch.setLobbiesAddress...
  Executing DeployModule#Ships.setConfig...
  Executing DeployModule#ShipsRouter.setLobbyAddress...
  Executing DeployModule#SinglePlayerMatch.setUniversalCreditsAddress...
  Executing DeployModule#TransferTournamentOwnership...

[18A[0JBatch #9
  Executing DeployModule#AllowPvPMatchToStartGames...
  Executing DeployModule#AllowSinglePlayerMatchToCompleteNodes...
  Executing DeployModule#AllowSinglePlayerMatchToCreateAIShips...
  Executing DeployModule#AllowSinglePlayerMatchToManageFleets...
  Executing DeployModule#AllowSinglePlayerMatchToStartGames...
  Executing DeployModule#CreateSilentHulk...
  Executing DeployModule#CreateWarlordsRedoubtMap...
  Executing DeployModule#Game.setFactionAbilityResolver...
  Executing DeployModule#GameResults.setGameContract...
  Executing DeployModule#Lobbies.setPvpMatchAddress...
  Executing DeployModule#PlaceSilentHulkAIFleet...
  Executing DeployModule#PvPMatch.setLobbiesAddress...
  Executing DeployModule#Ships.setConfig...
  Executing DeployModule#ShipsRouter.setLobbyAddress...
  Executing DeployModule#SinglePlayerMatch.setUniversalCreditsAddress...
  Executing DeployModule#TransferTournamentOwnership...

[18A[0JBatch #9
  Executing DeployModule#AllowPvPMatchToStartGames...
  Executing DeployModule#AllowSinglePlayerMatchToCompleteNodes...
  Executing DeployModule#AllowSinglePlayerMatchToCreateAIShips...
  Executing DeployModule#AllowSinglePlayerMatchToManageFleets...
  Executing DeployModule#AllowSinglePlayerMatchToStartGames...
  Executing DeployModule#CreateSilentHulk...
  Executing DeployModule#CreateWarlordsRedoubtMap...
  Executing DeployModule#Game.setFactionAbilityResolver...
  Executing DeployModule#GameResults.setGameContract...
  Executing DeployModule#Lobbies.setPvpMatchAddress...
  Executing DeployModule#PlaceSilentHulkAIFleet...
  Executing DeployModule#PvPMatch.setLobbiesAddress...
  Executing DeployModule#Ships.setConfig...
  Executing DeployModule#ShipsRouter.setLobbyAddress...
  Executing DeployModule#SinglePlayerMatch.setUniversalCreditsAddress...
  Executing DeployModule#TransferTournamentOwnership...

[18A[0JBatch #9
  Executing DeployModule#AllowPvPMatchToStartGames...
  Executing DeployModule#AllowSinglePlayerMatchToCompleteNodes...
  Executing DeployModule#AllowSinglePlayerMatchToCreateAIShips...
  Executing DeployModule#AllowSinglePlayerMatchToManageFleets...
  Executing DeployModule#AllowSinglePlayerMatchToStartGames...
  Executing DeployModule#CreateSilentHulk...
  Executing DeployModule#CreateWarlordsRedoubtMap...
  Executing DeployModule#Game.setFactionAbilityResolver...
  Executing DeployModule#GameResults.setGameContract...
  Executing DeployModule#Lobbies.setPvpMatchAddress...
  Executing DeployModule#PlaceSilentHulkAIFleet...
  Executing DeployModule#PvPMatch.setLobbiesAddress...
  Executing DeployModule#Ships.setConfig...
  Executing DeployModule#ShipsRouter.setLobbyAddress...
  Executing DeployModule#SinglePlayerMatch.setUniversalCreditsAddress...
  Executing DeployModule#TransferTournamentOwnership...

[18A[0JBatch #9
  Executed DeployModule#AllowPvPMatchToStartGames
  Executing DeployModule#AllowSinglePlayerMatchToCompleteNodes...
  Executing DeployModule#AllowSinglePlayerMatchToCreateAIShips...
  Executing DeployModule#AllowSinglePlayerMatchToManageFleets...
  Executing DeployModule#AllowSinglePlayerMatchToStartGames...
  Executing DeployModule#CreateSilentHulk...
  Executing DeployModule#CreateWarlordsRedoubtMap...
  Executing DeployModule#Game.setFactionAbilityResolver...
  Executing DeployModule#GameResults.setGameContract...
  Executing DeployModule#Lobbies.setPvpMatchAddress...
  Executing DeployModule#PlaceSilentHulkAIFleet...
  Executing DeployModule#PvPMatch.setLobbiesAddress...
  Executing DeployModule#Ships.setConfig...
  Executing DeployModule#ShipsRouter.setLobbyAddress...
  Executing DeployModule#SinglePlayerMatch.setUniversalCreditsAddress...
  Executing DeployModule#TransferTournamentOwnership...

[18A[0JBatch #9
  Executed DeployModule#AllowPvPMatchToStartGames
  Executed DeployModule#AllowSinglePlayerMatchToCompleteNodes
  Executing DeployModule#AllowSinglePlayerMatchToCreateAIShips...
  Executing DeployModule#AllowSinglePlayerMatchToManageFleets...
  Executing DeployModule#AllowSinglePlayerMatchToStartGames...
  Executing DeployModule#CreateSilentHulk...
  Executing DeployModule#CreateWarlordsRedoubtMap...
  Executing DeployModule#Game.setFactionAbilityResolver...
  Executing DeployModule#GameResults.setGameContract...
  Executing DeployModule#Lobbies.setPvpMatchAddress...
  Executing DeployModule#PlaceSilentHulkAIFleet...
  Executing DeployModule#PvPMatch.setLobbiesAddress...
  Executing DeployModule#Ships.setConfig...
  Executing DeployModule#ShipsRouter.setLobbyAddress...
  Executing DeployModule#SinglePlayerMatch.setUniversalCreditsAddress...
  Executing DeployModule#TransferTournamentOwnership...

[18A[0JBatch #9
  Executed DeployModule#AllowPvPMatchToStartGames
  Executed DeployModule#AllowSinglePlayerMatchToCompleteNodes
  Executed DeployModule#AllowSinglePlayerMatchToCreateAIShips
  Executing DeployModule#AllowSinglePlayerMatchToManageFleets...
  Executing DeployModule#AllowSinglePlayerMatchToStartGames...
  Executing DeployModule#CreateSilentHulk...
  Executing DeployModule#CreateWarlordsRedoubtMap...
  Executing DeployModule#Game.setFactionAbilityResolver...
  Executing DeployModule#GameResults.setGameContract...
  Executing DeployModule#Lobbies.setPvpMatchAddress...
  Executing DeployModule#PlaceSilentHulkAIFleet...
  Executing DeployModule#PvPMatch.setLobbiesAddress...
  Executing DeployModule#Ships.setConfig...
  Executing DeployModule#ShipsRouter.setLobbyAddress...
  Executing DeployModule#SinglePlayerMatch.setUniversalCreditsAddress...
  Executing DeployModule#TransferTournamentOwnership...

[18A[0JBatch #9
  Executed DeployModule#AllowPvPMatchToStartGames
  Executed DeployModule#AllowSinglePlayerMatchToCompleteNodes
  Executed DeployModule#AllowSinglePlayerMatchToCreateAIShips
  Executed DeployModule#AllowSinglePlayerMatchToManageFleets
  Executing DeployModule#AllowSinglePlayerMatchToStartGames...
  Executing DeployModule#CreateSilentHulk...
  Executing DeployModule#CreateWarlordsRedoubtMap...
  Executing DeployModule#Game.setFactionAbilityResolver...
  Executing DeployModule#GameResults.setGameContract...
  Executing DeployModule#Lobbies.setPvpMatchAddress...
  Executing DeployModule#PlaceSilentHulkAIFleet...
  Executing DeployModule#PvPMatch.setLobbiesAddress...
  Executing DeployModule#Ships.setConfig...
  Executing DeployModule#ShipsRouter.setLobbyAddress...
  Executing DeployModule#SinglePlayerMatch.setUniversalCreditsAddress...
  Executing DeployModule#TransferTournamentOwnership...

[18A[0JBatch #9
  Executed DeployModule#AllowPvPMatchToStartGames
  Executed DeployModule#AllowSinglePlayerMatchToCompleteNodes
  Executed DeployModule#AllowSinglePlayerMatchToCreateAIShips
  Executed DeployModule#AllowSinglePlayerMatchToManageFleets
  Executed DeployModule#AllowSinglePlayerMatchToStartGames
  Executing DeployModule#CreateSilentHulk...
  Executing DeployModule#CreateWarlordsRedoubtMap...
  Executing DeployModule#Game.setFactionAbilityResolver...
  Executing DeployModule#GameResults.setGameContract...
  Executing DeployModule#Lobbies.setPvpMatchAddress...
  Executing DeployModule#PlaceSilentHulkAIFleet...
  Executing DeployModule#PvPMatch.setLobbiesAddress...
  Executing DeployModule#Ships.setConfig...
  Executing DeployModule#ShipsRouter.setLobbyAddress...
  Executing DeployModule#SinglePlayerMatch.setUniversalCreditsAddress...
  Executing DeployModule#TransferTournamentOwnership...

[18A[0JBatch #9
  Executed DeployModule#AllowPvPMatchToStartGames
  Executed DeployModule#AllowSinglePlayerMatchToCompleteNodes
  Executed DeployModule#AllowSinglePlayerMatchToCreateAIShips
  Executed DeployModule#AllowSinglePlayerMatchToManageFleets
  Executed DeployModule#AllowSinglePlayerMatchToStartGames
  Executed DeployModule#CreateSilentHulk
  Executing DeployModule#CreateWarlordsRedoubtMap...
  Executing DeployModule#Game.setFactionAbilityResolver...
  Executing DeployModule#GameResults.setGameContract...
  Executing DeployModule#Lobbies.setPvpMatchAddress...
  Executing DeployModule#PlaceSilentHulkAIFleet...
  Executing DeployModule#PvPMatch.setLobbiesAddress...
  Executing DeployModule#Ships.setConfig...
  Executing DeployModule#ShipsRouter.setLobbyAddress...
  Executing DeployModule#SinglePlayerMatch.setUniversalCreditsAddress...
  Executing DeployModule#TransferTournamentOwnership...

[18A[0JBatch #9
  Executed DeployModule#AllowPvPMatchToStartGames
  Executed DeployModule#AllowSinglePlayerMatchToCompleteNodes
  Executed DeployModule#AllowSinglePlayerMatchToCreateAIShips
  Executed DeployModule#AllowSinglePlayerMatchToManageFleets
  Executed DeployModule#AllowSinglePlayerMatchToStartGames
  Executed DeployModule#CreateSilentHulk
  Executed DeployModule#CreateWarlordsRedoubtMap
  Executing DeployModule#Game.setFactionAbilityResolver...
  Executing DeployModule#GameResults.setGameContract...
  Executing DeployModule#Lobbies.setPvpMatchAddress...
  Executing DeployModule#PlaceSilentHulkAIFleet...
  Executing DeployModule#PvPMatch.setLobbiesAddress...
  Executing DeployModule#Ships.setConfig...
  Executing DeployModule#ShipsRouter.setLobbyAddress...
  Executing DeployModule#SinglePlayerMatch.setUniversalCreditsAddress...
  Executing DeployModule#TransferTournamentOwnership...

[18A[0JBatch #9
  Executed DeployModule#AllowPvPMatchToStartGames
  Executed DeployModule#AllowSinglePlayerMatchToCompleteNodes
  Executed DeployModule#AllowSinglePlayerMatchToCreateAIShips
  Executed DeployModule#AllowSinglePlayerMatchToManageFleets
  Executed DeployModule#AllowSinglePlayerMatchToStartGames
  Executed DeployModule#CreateSilentHulk
  Executed DeployModule#CreateWarlordsRedoubtMap
  Executed DeployModule#Game.setFactionAbilityResolver
  Executing DeployModule#GameResults.setGameContract...
  Executing DeployModule#Lobbies.setPvpMatchAddress...
  Executing DeployModule#PlaceSilentHulkAIFleet...
  Executing DeployModule#PvPMatch.setLobbiesAddress...
  Executing DeployModule#Ships.setConfig...
  Executing DeployModule#ShipsRouter.setLobbyAddress...
  Executing DeployModule#SinglePlayerMatch.setUniversalCreditsAddress...
  Executing DeployModule#TransferTournamentOwnership...

[18A[0JBatch #9
  Executed DeployModule#AllowPvPMatchToStartGames
  Executed DeployModule#AllowSinglePlayerMatchToCompleteNodes
  Executed DeployModule#AllowSinglePlayerMatchToCreateAIShips
  Executed DeployModule#AllowSinglePlayerMatchToManageFleets
  Executed DeployModule#AllowSinglePlayerMatchToStartGames
  Executed DeployModule#CreateSilentHulk
  Executed DeployModule#CreateWarlordsRedoubtMap
  Executed DeployModule#Game.setFactionAbilityResolver
  Executed DeployModule#GameResults.setGameContract
  Executing DeployModule#Lobbies.setPvpMatchAddress...
  Executing DeployModule#PlaceSilentHulkAIFleet...
  Executing DeployModule#PvPMatch.setLobbiesAddress...
  Executing DeployModule#Ships.setConfig...
  Executing DeployModule#ShipsRouter.setLobbyAddress...
  Executing DeployModule#SinglePlayerMatch.setUniversalCreditsAddress...
  Executing DeployModule#TransferTournamentOwnership...

[18A[0JBatch #9
  Executed DeployModule#AllowPvPMatchToStartGames
  Executed DeployModule#AllowSinglePlayerMatchToCompleteNodes
  Executed DeployModule#AllowSinglePlayerMatchToCreateAIShips
  Executed DeployModule#AllowSinglePlayerMatchToManageFleets
  Executed DeployModule#AllowSinglePlayerMatchToStartGames
  Executed DeployModule#CreateSilentHulk
  Executed DeployModule#CreateWarlordsRedoubtMap
  Executed DeployModule#Game.setFactionAbilityResolver
  Executed DeployModule#GameResults.setGameContract
  Executed DeployModule#Lobbies.setPvpMatchAddress
  Executing DeployModule#PlaceSilentHulkAIFleet...
  Executing DeployModule#PvPMatch.setLobbiesAddress...
  Executing DeployModule#Ships.setConfig...
  Executing DeployModule#ShipsRouter.setLobbyAddress...
  Executing DeployModule#SinglePlayerMatch.setUniversalCreditsAddress...
  Executing DeployModule#TransferTournamentOwnership...

[18A[0JBatch #9
  Executed DeployModule#AllowPvPMatchToStartGames
  Executed DeployModule#AllowSinglePlayerMatchToCompleteNodes
  Executed DeployModule#AllowSinglePlayerMatchToCreateAIShips
  Executed DeployModule#AllowSinglePlayerMatchToManageFleets
  Executed DeployModule#AllowSinglePlayerMatchToStartGames
  Executed DeployModule#CreateSilentHulk
  Executed DeployModule#CreateWarlordsRedoubtMap
  Executed DeployModule#Game.setFactionAbilityResolver
  Executed DeployModule#GameResults.setGameContract
  Executed DeployModule#Lobbies.setPvpMatchAddress
  Executed DeployModule#PlaceSilentHulkAIFleet
  Executing DeployModule#PvPMatch.setLobbiesAddress...
  Executing DeployModule#Ships.setConfig...
  Executing DeployModule#ShipsRouter.setLobbyAddress...
  Executing DeployModule#SinglePlayerMatch.setUniversalCreditsAddress...
  Executing DeployModule#TransferTournamentOwnership...

[18A[0JBatch #9
  Executed DeployModule#AllowPvPMatchToStartGames
  Executed DeployModule#AllowSinglePlayerMatchToCompleteNodes
  Executed DeployModule#AllowSinglePlayerMatchToCreateAIShips
  Executed DeployModule#AllowSinglePlayerMatchToManageFleets
  Executed DeployModule#AllowSinglePlayerMatchToStartGames
  Executed DeployModule#CreateSilentHulk
  Executed DeployModule#CreateWarlordsRedoubtMap
  Executed DeployModule#Game.setFactionAbilityResolver
  Executed DeployModule#GameResults.setGameContract
  Executed DeployModule#Lobbies.setPvpMatchAddress
  Executed DeployModule#PlaceSilentHulkAIFleet
  Executed DeployModule#PvPMatch.setLobbiesAddress
  Executing DeployModule#Ships.setConfig...
  Executing DeployModule#ShipsRouter.setLobbyAddress...
  Executing DeployModule#SinglePlayerMatch.setUniversalCreditsAddress...
  Executing DeployModule#TransferTournamentOwnership...

[18A[0JBatch #9
  Executed DeployModule#AllowPvPMatchToStartGames
  Executed DeployModule#AllowSinglePlayerMatchToCompleteNodes
  Executed DeployModule#AllowSinglePlayerMatchToCreateAIShips
  Executed DeployModule#AllowSinglePlayerMatchToManageFleets
  Executed DeployModule#AllowSinglePlayerMatchToStartGames
  Executed DeployModule#CreateSilentHulk
  Executed DeployModule#CreateWarlordsRedoubtMap
  Executed DeployModule#Game.setFactionAbilityResolver
  Executed DeployModule#GameResults.setGameContract
  Executed DeployModule#Lobbies.setPvpMatchAddress
  Executed DeployModule#PlaceSilentHulkAIFleet
  Executed DeployModule#PvPMatch.setLobbiesAddress
  Executed DeployModule#Ships.setConfig
  Executing DeployModule#ShipsRouter.setLobbyAddress...
  Executing DeployModule#SinglePlayerMatch.setUniversalCreditsAddress...
  Executing DeployModule#TransferTournamentOwnership...

[18A[0JBatch #9
  Executed DeployModule#AllowPvPMatchToStartGames
  Executed DeployModule#AllowSinglePlayerMatchToCompleteNodes
  Executed DeployModule#AllowSinglePlayerMatchToCreateAIShips
  Executed DeployModule#AllowSinglePlayerMatchToManageFleets
  Executed DeployModule#AllowSinglePlayerMatchToStartGames
  Executed DeployModule#CreateSilentHulk
  Executed DeployModule#CreateWarlordsRedoubtMap
  Executed DeployModule#Game.setFactionAbilityResolver
  Executed DeployModule#GameResults.setGameContract
  Executed DeployModule#Lobbies.setPvpMatchAddress
  Executed DeployModule#PlaceSilentHulkAIFleet
  Executed DeployModule#PvPMatch.setLobbiesAddress
  Executed DeployModule#Ships.setConfig
  Executed DeployModule#ShipsRouter.setLobbyAddress
  Executing DeployModule#SinglePlayerMatch.setUniversalCreditsAddress...
  Executing DeployModule#TransferTournamentOwnership...

[18A[0JBatch #9
  Executed DeployModule#AllowPvPMatchToStartGames
  Executed DeployModule#AllowSinglePlayerMatchToCompleteNodes
  Executed DeployModule#AllowSinglePlayerMatchToCreateAIShips
  Executed DeployModule#AllowSinglePlayerMatchToManageFleets
  Executed DeployModule#AllowSinglePlayerMatchToStartGames
  Executed DeployModule#CreateSilentHulk
  Executed DeployModule#CreateWarlordsRedoubtMap
  Executed DeployModule#Game.setFactionAbilityResolver
  Executed DeployModule#GameResults.setGameContract
  Executed DeployModule#Lobbies.setPvpMatchAddress
  Executed DeployModule#PlaceSilentHulkAIFleet
  Executed DeployModule#PvPMatch.setLobbiesAddress
  Executed DeployModule#Ships.setConfig
  Executed DeployModule#ShipsRouter.setLobbyAddress
  Executed DeployModule#SinglePlayerMatch.setUniversalCreditsAddress
  Executing DeployModule#TransferTournamentOwnership...

[18A[0JBatch #9
  Executed DeployModule#AllowPvPMatchToStartGames
  Executed DeployModule#AllowSinglePlayerMatchToCompleteNodes
  Executed DeployModule#AllowSinglePlayerMatchToCreateAIShips
  Executed DeployModule#AllowSinglePlayerMatchToManageFleets
  Executed DeployModule#AllowSinglePlayerMatchToStartGames
  Executed DeployModule#CreateSilentHulk
  Executed DeployModule#CreateWarlordsRedoubtMap
  Executed DeployModule#Game.setFactionAbilityResolver
  Executed DeployModule#GameResults.setGameContract
  Executed DeployModule#Lobbies.setPvpMatchAddress
  Executed DeployModule#PlaceSilentHulkAIFleet
  Executed DeployModule#PvPMatch.setLobbiesAddress
  Executed DeployModule#Ships.setConfig
  Executed DeployModule#ShipsRouter.setLobbyAddress
  Executed DeployModule#SinglePlayerMatch.setUniversalCreditsAddress
  Executed DeployModule#TransferTournamentOwnership

[18A[0JBatch #9
  Executed DeployModule#AllowPvPMatchToStartGames
  Executed DeployModule#AllowSinglePlayerMatchToCompleteNodes
  Executed DeployModule#AllowSinglePlayerMatchToCreateAIShips
  Executed DeployModule#AllowSinglePlayerMatchToManageFleets
  Executed DeployModule#AllowSinglePlayerMatchToStartGames
  Executed DeployModule#CreateSilentHulk
  Executed DeployModule#CreateWarlordsRedoubtMap
  Executed DeployModule#Game.setFactionAbilityResolver
  Executed DeployModule#GameResults.setGameContract
  Executed DeployModule#Lobbies.setPvpMatchAddress
  Executed DeployModule#PlaceSilentHulkAIFleet
  Executed DeployModule#PvPMatch.setLobbiesAddress
  Executed DeployModule#Ships.setConfig
  Executed DeployModule#ShipsRouter.setLobbyAddress
  Executed DeployModule#SinglePlayerMatch.setUniversalCreditsAddress
  Executed DeployModule#TransferTournamentOwnership

Batch #10
  Executing DeployModule#CreateGauntletMap...
  Executing DeployModule#CreateWarlordsRedoubt...
  Executing DeployModule#PlaceWarlordsRedoubtAIFleet...
  Executing DeployModule#TransferAIShipsOwnership...
  Executing DeployModule#TransferFleetsOwnership...
  Executing DeployModule#TransferGameOwnership...
  Executing DeployModule#TransferGameResultsOwnership...
  Executing DeployModule#TransferLobbiesOwnership...
  Executing DeployModule#TransferPvPMatchOwnership...
  Executing DeployModule#TransferShipsOwnership...
  Executing DeployModule#TransferShipsRouterOwnership...
  Executing DeployModule#TransferSinglePlayerMatchOwnership...

[14A[0JBatch #10
  Executing DeployModule#CreateGauntletMap...
  Executing DeployModule#CreateWarlordsRedoubt...
  Executing DeployModule#PlaceWarlordsRedoubtAIFleet...
  Executing DeployModule#TransferAIShipsOwnership...
  Executing DeployModule#TransferFleetsOwnership...
  Executing DeployModule#TransferGameOwnership...
  Executing DeployModule#TransferGameResultsOwnership...
  Executing DeployModule#TransferLobbiesOwnership...
  Executing DeployModule#TransferPvPMatchOwnership...
  Executing DeployModule#TransferShipsOwnership...
  Executing DeployModule#TransferShipsRouterOwnership...
  Executing DeployModule#TransferSinglePlayerMatchOwnership...

[14A[0JBatch #10
  Executing DeployModule#CreateGauntletMap...
  Executing DeployModule#CreateWarlordsRedoubt...
  Executing DeployModule#PlaceWarlordsRedoubtAIFleet...
  Executing DeployModule#TransferAIShipsOwnership...
  Executing DeployModule#TransferFleetsOwnership...
  Executing DeployModule#TransferGameOwnership...
  Executing DeployModule#TransferGameResultsOwnership...
  Executing DeployModule#TransferLobbiesOwnership...
  Executing DeployModule#TransferPvPMatchOwnership...
  Executing DeployModule#TransferShipsOwnership...
  Executing DeployModule#TransferShipsRouterOwnership...
  Executing DeployModule#TransferSinglePlayerMatchOwnership...

[14A[0JBatch #10
  Executing DeployModule#CreateGauntletMap...
  Executing DeployModule#CreateWarlordsRedoubt...
  Executing DeployModule#PlaceWarlordsRedoubtAIFleet...
  Executing DeployModule#TransferAIShipsOwnership...
  Executing DeployModule#TransferFleetsOwnership...
  Executing DeployModule#TransferGameOwnership...
  Executing DeployModule#TransferGameResultsOwnership...
  Executing DeployModule#TransferLobbiesOwnership...
  Executing DeployModule#TransferPvPMatchOwnership...
  Executing DeployModule#TransferShipsOwnership...
  Executing DeployModule#TransferShipsRouterOwnership...
  Executing DeployModule#TransferSinglePlayerMatchOwnership...

[14A[0JBatch #10
  Executing DeployModule#CreateGauntletMap...
  Executing DeployModule#CreateWarlordsRedoubt...
  Executing DeployModule#PlaceWarlordsRedoubtAIFleet...
  Executing DeployModule#TransferAIShipsOwnership...
  Executing DeployModule#TransferFleetsOwnership...
  Executing DeployModule#TransferGameOwnership...
  Executing DeployModule#TransferGameResultsOwnership...
  Executing DeployModule#TransferLobbiesOwnership...
  Executing DeployModule#TransferPvPMatchOwnership...
  Executing DeployModule#TransferShipsOwnership...
  Executing DeployModule#TransferShipsRouterOwnership...
  Executing DeployModule#TransferSinglePlayerMatchOwnership...

[14A[0JBatch #10
  Executing DeployModule#CreateGauntletMap...
  Executing DeployModule#CreateWarlordsRedoubt...
  Executing DeployModule#PlaceWarlordsRedoubtAIFleet...
  Executing DeployModule#TransferAIShipsOwnership...
  Executing DeployModule#TransferFleetsOwnership...
  Executing DeployModule#TransferGameOwnership...
  Executing DeployModule#TransferGameResultsOwnership...
  Executing DeployModule#TransferLobbiesOwnership...
  Executing DeployModule#TransferPvPMatchOwnership...
  Executing DeployModule#TransferShipsOwnership...
  Executing DeployModule#TransferShipsRouterOwnership...
  Executing DeployModule#TransferSinglePlayerMatchOwnership...

[14A[0JBatch #10
  Executing DeployModule#CreateGauntletMap...
  Executing DeployModule#CreateWarlordsRedoubt...
  Executing DeployModule#PlaceWarlordsRedoubtAIFleet...
  Executing DeployModule#TransferAIShipsOwnership...
  Executing DeployModule#TransferFleetsOwnership...
  Executing DeployModule#TransferGameOwnership...
  Executing DeployModule#TransferGameResultsOwnership...
  Executing DeployModule#TransferLobbiesOwnership...
  Executing DeployModule#TransferPvPMatchOwnership...
  Executing DeployModule#TransferShipsOwnership...
  Executing DeployModule#TransferShipsRouterOwnership...
  Executing DeployModule#TransferSinglePlayerMatchOwnership...

[14A[0JBatch #10
  Executing DeployModule#CreateGauntletMap...
  Executing DeployModule#CreateWarlordsRedoubt...
  Executing DeployModule#PlaceWarlordsRedoubtAIFleet...
  Executing DeployModule#TransferAIShipsOwnership...
  Executing DeployModule#TransferFleetsOwnership...
  Executing DeployModule#TransferGameOwnership...
  Executing DeployModule#TransferGameResultsOwnership...
  Executing DeployModule#TransferLobbiesOwnership...
  Executing DeployModule#TransferPvPMatchOwnership...
  Executing DeployModule#TransferShipsOwnership...
  Executing DeployModule#TransferShipsRouterOwnership...
  Executing DeployModule#TransferSinglePlayerMatchOwnership...

[14A[0JBatch #10
  Executing DeployModule#CreateGauntletMap...
  Executing DeployModule#CreateWarlordsRedoubt...
  Executing DeployModule#PlaceWarlordsRedoubtAIFleet...
  Executing DeployModule#TransferAIShipsOwnership...
  Executing DeployModule#TransferFleetsOwnership...
  Executing DeployModule#TransferGameOwnership...
  Executing DeployModule#TransferGameResultsOwnership...
  Executing DeployModule#TransferLobbiesOwnership...
  Executing DeployModule#TransferPvPMatchOwnership...
  Executing DeployModule#TransferShipsOwnership...
  Executing DeployModule#TransferShipsRouterOwnership...
  Executing DeployModule#TransferSinglePlayerMatchOwnership...

[14A[0JBatch #10
  Executing DeployModule#CreateGauntletMap...
  Executing DeployModule#CreateWarlordsRedoubt...
  Executing DeployModule#PlaceWarlordsRedoubtAIFleet...
  Executing DeployModule#TransferAIShipsOwnership...
  Executing DeployModule#TransferFleetsOwnership...
  Executing DeployModule#TransferGameOwnership...
  Executing DeployModule#TransferGameResultsOwnership...
  Executing DeployModule#TransferLobbiesOwnership...
  Executing DeployModule#TransferPvPMatchOwnership...
  Executing DeployModule#TransferShipsOwnership...
  Executing DeployModule#TransferShipsRouterOwnership...
  Executing DeployModule#TransferSinglePlayerMatchOwnership...

[14A[0JBatch #10
  Executing DeployModule#CreateGauntletMap...
  Executing DeployModule#CreateWarlordsRedoubt...
  Executing DeployModule#PlaceWarlordsRedoubtAIFleet...
  Executing DeployModule#TransferAIShipsOwnership...
  Executing DeployModule#TransferFleetsOwnership...
  Executing DeployModule#TransferGameOwnership...
  Executing DeployModule#TransferGameResultsOwnership...
  Executing DeployModule#TransferLobbiesOwnership...
  Executing DeployModule#TransferPvPMatchOwnership...
  Executing DeployModule#TransferShipsOwnership...
  Executing DeployModule#TransferShipsRouterOwnership...
  Executing DeployModule#TransferSinglePlayerMatchOwnership...

[14A[0JBatch #10
  Executing DeployModule#CreateGauntletMap...
  Executing DeployModule#CreateWarlordsRedoubt...
  Executing DeployModule#PlaceWarlordsRedoubtAIFleet...
  Executing DeployModule#TransferAIShipsOwnership...
  Executing DeployModule#TransferFleetsOwnership...
  Executing DeployModule#TransferGameOwnership...
  Executing DeployModule#TransferGameResultsOwnership...
  Executing DeployModule#TransferLobbiesOwnership...
  Executing DeployModule#TransferPvPMatchOwnership...
  Executing DeployModule#TransferShipsOwnership...
  Executing DeployModule#TransferShipsRouterOwnership...
  Executing DeployModule#TransferSinglePlayerMatchOwnership...

[14A[0JBatch #10
  Executing DeployModule#CreateGauntletMap...
  Executing DeployModule#CreateWarlordsRedoubt...
  Executing DeployModule#PlaceWarlordsRedoubtAIFleet...
  Executing DeployModule#TransferAIShipsOwnership...
  Executing DeployModule#TransferFleetsOwnership...
  Executing DeployModule#TransferGameOwnership...
  Executing DeployModule#TransferGameResultsOwnership...
  Executing DeployModule#TransferLobbiesOwnership...
  Executing DeployModule#TransferPvPMatchOwnership...
  Executing DeployModule#TransferShipsOwnership...
  Executing DeployModule#TransferShipsRouterOwnership...
  Executing DeployModule#TransferSinglePlayerMatchOwnership...

[14A[0JBatch #10
  Executed DeployModule#CreateGauntletMap
  Executing DeployModule#CreateWarlordsRedoubt...
  Executing DeployModule#PlaceWarlordsRedoubtAIFleet...
  Executing DeployModule#TransferAIShipsOwnership...
  Executing DeployModule#TransferFleetsOwnership...
  Executing DeployModule#TransferGameOwnership...
  Executing DeployModule#TransferGameResultsOwnership...
  Executing DeployModule#TransferLobbiesOwnership...
  Executing DeployModule#TransferPvPMatchOwnership...
  Executing DeployModule#TransferShipsOwnership...
  Executing DeployModule#TransferShipsRouterOwnership...
  Executing DeployModule#TransferSinglePlayerMatchOwnership...

[14A[0JBatch #10
  Executed DeployModule#CreateGauntletMap
  Executed DeployModule#CreateWarlordsRedoubt
  Executing DeployModule#PlaceWarlordsRedoubtAIFleet...
  Executing DeployModule#TransferAIShipsOwnership...
  Executing DeployModule#TransferFleetsOwnership...
  Executing DeployModule#TransferGameOwnership...
  Executing DeployModule#TransferGameResultsOwnership...
  Executing DeployModule#TransferLobbiesOwnership...
  Executing DeployModule#TransferPvPMatchOwnership...
  Executing DeployModule#TransferShipsOwnership...
  Executing DeployModule#TransferShipsRouterOwnership...
  Executing DeployModule#TransferSinglePlayerMatchOwnership...

[14A[0JBatch #10
  Executed DeployModule#CreateGauntletMap
  Executed DeployModule#CreateWarlordsRedoubt
  Executed DeployModule#PlaceWarlordsRedoubtAIFleet
  Executing DeployModule#TransferAIShipsOwnership...
  Executing DeployModule#TransferFleetsOwnership...
  Executing DeployModule#TransferGameOwnership...
  Executing DeployModule#TransferGameResultsOwnership...
  Executing DeployModule#TransferLobbiesOwnership...
  Executing DeployModule#TransferPvPMatchOwnership...
  Executing DeployModule#TransferShipsOwnership...
  Executing DeployModule#TransferShipsRouterOwnership...
  Executing DeployModule#TransferSinglePlayerMatchOwnership...

[14A[0JBatch #10
  Executed DeployModule#CreateGauntletMap
  Executed DeployModule#CreateWarlordsRedoubt
  Executed DeployModule#PlaceWarlordsRedoubtAIFleet
  Executed DeployModule#TransferAIShipsOwnership
  Executing DeployModule#TransferFleetsOwnership...
  Executing DeployModule#TransferGameOwnership...
  Executing DeployModule#TransferGameResultsOwnership...
  Executing DeployModule#TransferLobbiesOwnership...
  Executing DeployModule#TransferPvPMatchOwnership...
  Executing DeployModule#TransferShipsOwnership...
  Executing DeployModule#TransferShipsRouterOwnership...
  Executing DeployModule#TransferSinglePlayerMatchOwnership...

[14A[0JBatch #10
  Executed DeployModule#CreateGauntletMap
  Executed DeployModule#CreateWarlordsRedoubt
  Executed DeployModule#PlaceWarlordsRedoubtAIFleet
  Executed DeployModule#TransferAIShipsOwnership
  Executed DeployModule#TransferFleetsOwnership
  Executing DeployModule#TransferGameOwnership...
  Executing DeployModule#TransferGameResultsOwnership...
  Executing DeployModule#TransferLobbiesOwnership...
  Executing DeployModule#TransferPvPMatchOwnership...
  Executing DeployModule#TransferShipsOwnership...
  Executing DeployModule#TransferShipsRouterOwnership...
  Executing DeployModule#TransferSinglePlayerMatchOwnership...

[14A[0JBatch #10
  Executed DeployModule#CreateGauntletMap
  Executed DeployModule#CreateWarlordsRedoubt
  Executed DeployModule#PlaceWarlordsRedoubtAIFleet
  Executed DeployModule#TransferAIShipsOwnership
  Executed DeployModule#TransferFleetsOwnership
  Executed DeployModule#TransferGameOwnership
  Executing DeployModule#TransferGameResultsOwnership...
  Executing DeployModule#TransferLobbiesOwnership...
  Executing DeployModule#TransferPvPMatchOwnership...
  Executing DeployModule#TransferShipsOwnership...
  Executing DeployModule#TransferShipsRouterOwnership...
  Executing DeployModule#TransferSinglePlayerMatchOwnership...

[14A[0JBatch #10
  Executed DeployModule#CreateGauntletMap
  Executed DeployModule#CreateWarlordsRedoubt
  Executed DeployModule#PlaceWarlordsRedoubtAIFleet
  Executed DeployModule#TransferAIShipsOwnership
  Executed DeployModule#TransferFleetsOwnership
  Executed DeployModule#TransferGameOwnership
  Executed DeployModule#TransferGameResultsOwnership
  Executing DeployModule#TransferLobbiesOwnership...
  Executing DeployModule#TransferPvPMatchOwnership...
  Executing DeployModule#TransferShipsOwnership...
  Executing DeployModule#TransferShipsRouterOwnership...
  Executing DeployModule#TransferSinglePlayerMatchOwnership...

[14A[0JBatch #10
  Executed DeployModule#CreateGauntletMap
  Executed DeployModule#CreateWarlordsRedoubt
  Executed DeployModule#PlaceWarlordsRedoubtAIFleet
  Executed DeployModule#TransferAIShipsOwnership
  Executed DeployModule#TransferFleetsOwnership
  Executed DeployModule#TransferGameOwnership
  Executed DeployModule#TransferGameResultsOwnership
  Executed DeployModule#TransferLobbiesOwnership
  Executing DeployModule#TransferPvPMatchOwnership...
  Executing DeployModule#TransferShipsOwnership...
  Executing DeployModule#TransferShipsRouterOwnership...
  Executing DeployModule#TransferSinglePlayerMatchOwnership...

[14A[0JBatch #10
  Executed DeployModule#CreateGauntletMap
  Executed DeployModule#CreateWarlordsRedoubt
  Executed DeployModule#PlaceWarlordsRedoubtAIFleet
  Executed DeployModule#TransferAIShipsOwnership
  Executed DeployModule#TransferFleetsOwnership
  Executed DeployModule#TransferGameOwnership
  Executed DeployModule#TransferGameResultsOwnership
  Executed DeployModule#TransferLobbiesOwnership
  Executed DeployModule#TransferPvPMatchOwnership
  Executing DeployModule#TransferShipsOwnership...
  Executing DeployModule#TransferShipsRouterOwnership...
  Executing DeployModule#TransferSinglePlayerMatchOwnership...

[14A[0JBatch #10
  Executed DeployModule#CreateGauntletMap
  Executed DeployModule#CreateWarlordsRedoubt
  Executed DeployModule#PlaceWarlordsRedoubtAIFleet
  Executed DeployModule#TransferAIShipsOwnership
  Executed DeployModule#TransferFleetsOwnership
  Executed DeployModule#TransferGameOwnership
  Executed DeployModule#TransferGameResultsOwnership
  Executed DeployModule#TransferLobbiesOwnership
  Executed DeployModule#TransferPvPMatchOwnership
  Executed DeployModule#TransferShipsOwnership
  Executing DeployModule#TransferShipsRouterOwnership...
  Executing DeployModule#TransferSinglePlayerMatchOwnership...

[14A[0JBatch #10
  Executed DeployModule#CreateGauntletMap
  Executed DeployModule#CreateWarlordsRedoubt
  Executed DeployModule#PlaceWarlordsRedoubtAIFleet
  Executed DeployModule#TransferAIShipsOwnership
  Executed DeployModule#TransferFleetsOwnership
  Executed DeployModule#TransferGameOwnership
  Executed DeployModule#TransferGameResultsOwnership
  Executed DeployModule#TransferLobbiesOwnership
  Executed DeployModule#TransferPvPMatchOwnership
  Executed DeployModule#TransferShipsOwnership
  Executed DeployModule#TransferShipsRouterOwnership
  Executing DeployModule#TransferSinglePlayerMatchOwnership...

[14A[0JBatch #10
  Executed DeployModule#CreateGauntletMap
  Executed DeployModule#CreateWarlordsRedoubt
  Executed DeployModule#PlaceWarlordsRedoubtAIFleet
  Executed DeployModule#TransferAIShipsOwnership
  Executed DeployModule#TransferFleetsOwnership
  Executed DeployModule#TransferGameOwnership
  Executed DeployModule#TransferGameResultsOwnership
  Executed DeployModule#TransferLobbiesOwnership
  Executed DeployModule#TransferPvPMatchOwnership
  Executed DeployModule#TransferShipsOwnership
  Executed DeployModule#TransferShipsRouterOwnership
  Executed DeployModule#TransferSinglePlayerMatchOwnership

[14A[0JBatch #10
  Executed DeployModule#CreateGauntletMap
  Executed DeployModule#CreateWarlordsRedoubt
  Executed DeployModule#PlaceWarlordsRedoubtAIFleet
  Executed DeployModule#TransferAIShipsOwnership
  Executed DeployModule#TransferFleetsOwnership
  Executed DeployModule#TransferGameOwnership
  Executed DeployModule#TransferGameResultsOwnership
  Executed DeployModule#TransferLobbiesOwnership
  Executed DeployModule#TransferPvPMatchOwnership
  Executed DeployModule#TransferShipsOwnership
  Executed DeployModule#TransferShipsRouterOwnership
  Executed DeployModule#TransferSinglePlayerMatchOwnership

Batch #11
  Executing DeployModule#CreateBastionMap...
  Executing DeployModule#CreateGauntlet...
  Executing DeployModule#PlaceGauntletAIFleet...

[5A[0JBatch #11
  Executing DeployModule#CreateBastionMap...
  Executing DeployModule#CreateGauntlet...
  Executing DeployModule#PlaceGauntletAIFleet...

[5A[0JBatch #11
  Executing DeployModule#CreateBastionMap...
  Executing DeployModule#CreateGauntlet...
  Executing DeployModule#PlaceGauntletAIFleet...

[5A[0JBatch #11
  Executing DeployModule#CreateBastionMap...
  Executing DeployModule#CreateGauntlet...
  Executing DeployModule#PlaceGauntletAIFleet...

[5A[0JBatch #11
  Executed DeployModule#CreateBastionMap
  Executing DeployModule#CreateGauntlet...
  Executing DeployModule#PlaceGauntletAIFleet...

[5A[0JBatch #11
  Executed DeployModule#CreateBastionMap
  Executed DeployModule#CreateGauntlet
  Executing DeployModule#PlaceGauntletAIFleet...

[5A[0JBatch #11
  Executed DeployModule#CreateBastionMap
  Executed DeployModule#CreateGauntlet
  Executed DeployModule#PlaceGauntletAIFleet

[5A[0JBatch #11
  Executed DeployModule#CreateBastionMap
  Executed DeployModule#CreateGauntlet
  Executed DeployModule#PlaceGauntletAIFleet

Batch #12
  Executing DeployModule#CreateBastion...
  Executing DeployModule#PlaceBastionAIFleet...
  Executing DeployModule#TransferMapsOwnership...

[5A[0JBatch #12
  Executing DeployModule#CreateBastion...
  Executing DeployModule#PlaceBastionAIFleet...
  Executing DeployModule#TransferMapsOwnership...

[5A[0JBatch #12
  Executing DeployModule#CreateBastion...
  Executing DeployModule#PlaceBastionAIFleet...
  Executing DeployModule#TransferMapsOwnership...

[5A[0JBatch #12
  Executing DeployModule#CreateBastion...
  Executing DeployModule#PlaceBastionAIFleet...
  Executing DeployModule#TransferMapsOwnership...

[5A[0JBatch #12
  Executed DeployModule#CreateBastion
  Executing DeployModule#PlaceBastionAIFleet...
  Executing DeployModule#TransferMapsOwnership...

[5A[0JBatch #12
  Executed DeployModule#CreateBastion
  Executed DeployModule#PlaceBastionAIFleet
  Executing DeployModule#TransferMapsOwnership...

[5A[0JBatch #12
  Executed DeployModule#CreateBastion
  Executed DeployModule#PlaceBastionAIFleet
  Executed DeployModule#TransferMapsOwnership

[5A[0JBatch #12
  Executed DeployModule#CreateBastion
  Executed DeployModule#PlaceBastionAIFleet
  Executed DeployModule#TransferMapsOwnership

Batch #13
  Executing DeployModule#TransferAIEncountersOwnership...
  Executing DeployModule#TransferNodeMapOwnership...

[4A[0JBatch #13
  Executing DeployModule#TransferAIEncountersOwnership...
  Executing DeployModule#TransferNodeMapOwnership...

[4A[0JBatch #13
  Executing DeployModule#TransferAIEncountersOwnership...
  Executing DeployModule#TransferNodeMapOwnership...

[4A[0JBatch #13
  Executed DeployModule#TransferAIEncountersOwnership
  Executing DeployModule#TransferNodeMapOwnership...

[4A[0JBatch #13
  Executed DeployModule#TransferAIEncountersOwnership
  Executed DeployModule#TransferNodeMapOwnership

[4A[0JBatch #13
  Executed DeployModule#TransferAIEncountersOwnership
  Executed DeployModule#TransferNodeMapOwnership

[ DeployModule ] successfully deployed 🚀

Deployed Addresses

DeployModule#AIShips - 0x297Eea46345516E157C00254612B6a89D49f0049
DeployModule#DestroyRewardLib - 0x2eC0C0af199132F4994EEa9d04977592165dB7a7
DeployModule#DroneEnergyCores - 0x461343505180DDECD36b1651d2fc430C749CC642
DeployModule#GameResults - 0xf526B2803656A2ad4Ee270ad9aF7D5DEA72f4882
DeployModule#GenerateNewShip - 0x7A475d168348D6e98A2DF83180AFfaC67Ed2b61e
DeployModule#Maps - 0x9D2fBD8A99CBa7ccD330558d340D43856c5F2267
DeployModule#RandomManager - 0x9a7C4bda9ca12F3e715c570Af158fBaBdD73C7Bc
DeployModule#RenderAft0 - 0x1294f420dE084ADD6274750e9D901FcEF0B9BC7A
DeployModule#RenderAft1 - 0xe5e5B522274D7Ed89126115996dD8811111B8849
DeployModule#RenderAft2 - 0x86ce00F2F4fccBBd5FB653b1356a1De1112a64e3
DeployModule#RenderArmor1 - 0xC7ff1Ec16324Cb4dadd2382607De768F3dE15E72
DeployModule#RenderArmor2 - 0xa36C5a9f43367d1EC79dB2522969e8D668fEE996
DeployModule#RenderArmor3 - 0xDDE62ceb5f01222dbbeA27e26D7692db7a00b78c
DeployModule#RenderBaseBody - 0x657861151004D8E90982F9F4e96d819EEA2C8119
DeployModule#RenderFore0 - 0xa87ca159543734FBB000b85cEFaee0750a0C0248
DeployModule#RenderFore1 - 0xE919CBf4eC5497c0DB3a398557b540A43d5B159c
DeployModule#RenderFore2 - 0x7096591ED00eDd4cd53c59cC62A0D13Ab10c76c8
DeployModule#RenderForePerfect - 0xfcfD288Bf89a723E7ae780383c5D0c54d26aE141
DeployModule#RenderShield1 - 0x0b15CdA2D010f945B525A96E441603fa7159bA1a
DeployModule#RenderShield2 - 0xea826cd60B3720FfB8944C2948dAf83327222a8A
DeployModule#RenderShield3 - 0xAf2815EA780d626ceBB7601cfb1371E986391DA1
DeployModule#RenderSpecial1 - 0x72EFb12138e945A20cE64353b9676f72f8edc1c2
DeployModule#RenderSpecial2 - 0x9Ba2E5429D4De9917d665DB5a5cef5E4E841DcC5
DeployModule#RenderSpecial3 - 0xbb7Ab84aFa55739b984FD2fBcd3AD06cEa7B5D35
DeployModule#RenderWeapon1 - 0x78822C110dEe33d2Ca1181eAE94B0103b68a7D7A
DeployModule#RenderWeapon2 - 0x35B7Bb607B0EE60A8B54A87Af26C49CD490E22cF
DeployModule#RenderWeapon3 - 0x0BE144Abaf17b0c04AA08D368AF689968Ce9AB9a
DeployModule#RenderWeapon4 - 0xEB62CcaE3c42c520B488C04934f88Bff75153C17
DeployModule#SpecialEffectsLib - 0xBf4146e59D874110381B607374944Fca35c2B44A
DeployModule#UniversalCredits - 0x1FF019250897c5Be0a9Fea02A1C68e2a7d42Abb6
DeployModule#AIEncounters - 0x958BAA349bB92DF8a049ABE4Ff89B4D7fCdDc5A0
DeployModule#DroneStorefront - 0x43749d6eBC8420Cc1B6485D5346925ec4E5c230d
DeployModule#GameBlobRegistry - 0x3AE5bab82e461F94b339C89fE099224abFA4e161
DeployModule#NodeMap - 0xE564AB0118E11E4C92cdf200ef299483623C98Fd
DeployModule#RenderAft - 0xeb4BE7692196d03FEA974DD36f4625baB2c459D0
DeployModule#RenderBody - 0xf9E7AffE49D3c4F162D405344f7B4F9cDE72AA43
DeployModule#RenderFore - 0x9E6cd71c2c51701734633a537c35C4BC506B0D21
DeployModule#RenderSpecial - 0x155Ec595B9cc113B9268B9BDC71CE43Bb6008B06
DeployModule#RenderWeapon - 0xCE3a742225F960Af8B970420E07513Cb9C61Cf34
DeployModule#ImageRenderer - 0x41dd897FC2C1a1646fFFc879FA58bEAF34a89688
DeployModule#RenderMetadata - 0xE4bb9C30B1D29bbc58E3276BE4aF1f013ECfF245
DeployModule#Ships - 0x08eb5A1087CfF02aF4b36F390c903C7839a9AB33
DeployModule#Lobbies - 0xf8E367648425241b0728F3138dC2e8bBD1794E57
DeployModule#ShipAttributes - 0x3b2c7C8e2D1e64CCEd3A498c4aacf1c5D018DAB4
DeployModule#ShipPurchaser - 0x9E1679aFf85e4af1187DBc76529cd5d0142f4935
DeployModule#ShipsRouter - 0x51F91ff6857dA5C148c97a00503B0ba148C5541E
DeployModule#TutorialClaim - 0xCa8855C7C124D475E30f31B0c28290720FdF80Ea
DeployModule#DroneYard - 0x9AA7d2f7c07B642B168e6fC95EbC31940514dfe4
DeployModule#Fleets - 0xD525Bb82864241fdB11C5CB20f65E86EE26B058B
DeployModule#Game - 0x22c46bCd29c81aC2cF02b795aa04d48A4Cdd0ACB
DeployModule#PvPMatch - 0x13892bcCc46eD27cb1b4C78AA0f09959097C0863
DeployModule#RamResolver - 0x5e86b7a73447B5B56Ca3f80e62653391dEF5778d
DeployModule#SinglePlayerMatch - 0xEc7E333564d4309fcB19E4066815c82eE2e91Aeb
DeployModule#Tournament - 0x08a41eAd1F22A4D6B95817290f0BF326780C1165

Verifying deployed contracts

Verifying contract "contracts/AIShips.sol:AIShips" for network base-sepolia...
Successfully verified contract "contracts/AIShips.sol:AIShips" for network base-sepolia:
  - https://sepolia.basescan.org/address/0x297Eea46345516E157C00254612B6a89D49f0049#code

Verifying contract "contracts/DestroyRewardLib.sol:DestroyRewardLib" for network base-sepolia...
Successfully verified contract "contracts/DestroyRewardLib.sol:DestroyRewardLib" for network base-sepolia:
  - https://sepolia.basescan.org/address/0x2eC0C0af199132F4994EEa9d04977592165dB7a7#code

Verifying contract "contracts/DroneEnergyCores.sol:DroneEnergyCores" for network base-sepolia...
Successfully verified contract "contracts/DroneEnergyCores.sol:DroneEnergyCores" for network base-sepolia:
  - https://sepolia.basescan.org/address/0x461343505180DDECD36b1651d2fc430C749CC642#code

Verifying contract "contracts/GameResults.sol:GameResults" for network base-sepolia...
Contract contracts/GameResults.sol:GameResults already verified on network base-sepolia:
  - https://sepolia.basescan.org/address/0xf526B2803656A2ad4Ee270ad9aF7D5DEA72f4882#code

Verifying contract "contracts/GenerateNewShip.sol:GenerateNewShip" for network base-sepolia...
Successfully verified contract "contracts/GenerateNewShip.sol:GenerateNewShip" for network base-sepolia:
  - https://sepolia.basescan.org/address/0x7A475d168348D6e98A2DF83180AFfaC67Ed2b61e#code

Verifying contract "contracts/Maps.sol:Maps" for network base-sepolia...
Successfully verified contract "contracts/Maps.sol:Maps" for network base-sepolia:
  - https://sepolia.basescan.org/address/0x9D2fBD8A99CBa7ccD330558d340D43856c5F2267#code

Verifying contract "contracts/RandomManager.sol:RandomManager" for network base-sepolia...
Contract contracts/RandomManager.sol:RandomManager already verified on network base-sepolia:
  - https://sepolia.basescan.org/address/0x9a7C4bda9ca12F3e715c570Af158fBaBdD73C7Bc#code

Verifying contract "contracts/Renderers/RenderAft0.sol:RenderAft0" for network base-sepolia...
Contract contracts/Renderers/RenderAft0.sol:RenderAft0 already verified on network base-sepolia:
  - https://sepolia.basescan.org/address/0x1294f420dE084ADD6274750e9D901FcEF0B9BC7A#code

Verifying contract "contracts/Renderers/RenderAft1.sol:RenderAft1" for network base-sepolia...
Contract contracts/Renderers/RenderAft1.sol:RenderAft1 already verified on network base-sepolia:
  - https://sepolia.basescan.org/address/0xe5e5B522274D7Ed89126115996dD8811111B8849#code

Verifying contract "contracts/Renderers/RenderAft2.sol:RenderAft2" for network base-sepolia...
Contract contracts/Renderers/RenderAft2.sol:RenderAft2 already verified on network base-sepolia:
  - https://sepolia.basescan.org/address/0x86ce00F2F4fccBBd5FB653b1356a1De1112a64e3#code

Verifying contract "contracts/Renderers/RenderArmor1.sol:RenderArmor1" for network base-sepolia...
Contract contracts/Renderers/RenderArmor1.sol:RenderArmor1 already verified on network base-sepolia:
  - https://sepolia.basescan.org/address/0xC7ff1Ec16324Cb4dadd2382607De768F3dE15E72#code

Verifying contract "contracts/Renderers/RenderArmor2.sol:RenderArmor2" for network base-sepolia...
Contract contracts/Renderers/RenderArmor2.sol:RenderArmor2 already verified on network base-sepolia:
  - https://sepolia.basescan.org/address/0xa36C5a9f43367d1EC79dB2522969e8D668fEE996#code

Verifying contract "contracts/Renderers/RenderArmor3.sol:RenderArmor3" for network base-sepolia...
Contract contracts/Renderers/RenderArmor3.sol:RenderArmor3 already verified on network base-sepolia:
  - https://sepolia.basescan.org/address/0xDDE62ceb5f01222dbbeA27e26D7692db7a00b78c#code

Verifying contract "contracts/Renderers/RenderBaseBody.sol:RenderBaseBody" for network base-sepolia...
Contract contracts/Renderers/RenderBaseBody.sol:RenderBaseBody already verified on network base-sepolia:
  - https://sepolia.basescan.org/address/0x657861151004D8E90982F9F4e96d819EEA2C8119#code

Verifying contract "contracts/Renderers/RenderFore0.sol:RenderFore0" for network base-sepolia...
Contract contracts/Renderers/RenderFore0.sol:RenderFore0 already verified on network base-sepolia:
  - https://sepolia.basescan.org/address/0xa87ca159543734FBB000b85cEFaee0750a0C0248#code

Verifying contract "contracts/Renderers/RenderFore1.sol:RenderFore1" for network base-sepolia...
Contract contracts/Renderers/RenderFore1.sol:RenderFore1 already verified on network base-sepolia:
  - https://sepolia.basescan.org/address/0xE919CBf4eC5497c0DB3a398557b540A43d5B159c#code

Verifying contract "contracts/Renderers/RenderFore2.sol:RenderFore2" for network base-sepolia...
Contract contracts/Renderers/RenderFore2.sol:RenderFore2 already verified on network base-sepolia:
  - https://sepolia.basescan.org/address/0x7096591ED00eDd4cd53c59cC62A0D13Ab10c76c8#code

Verifying contract "contracts/Renderers/RenderForePerfect.sol:RenderForePerfect" for network base-sepolia...
Contract contracts/Renderers/RenderForePerfect.sol:RenderForePerfect already verified on network base-sepolia:
  - https://sepolia.basescan.org/address/0xfcfD288Bf89a723E7ae780383c5D0c54d26aE141#code

Verifying contract "contracts/Renderers/RenderShield1.sol:RenderShield1" for network base-sepolia...
Contract contracts/Renderers/RenderShield1.sol:RenderShield1 already verified on network base-sepolia:
  - https://sepolia.basescan.org/address/0x0b15CdA2D010f945B525A96E441603fa7159bA1a#code

Verifying contract "contracts/Renderers/RenderShield2.sol:RenderShield2" for network base-sepolia...
Contract contracts/Renderers/RenderShield2.sol:RenderShield2 already verified on network base-sepolia:
  - https://sepolia.basescan.org/address/0xea826cd60B3720FfB8944C2948dAf83327222a8A#code

Verifying contract "contracts/Renderers/RenderShield3.sol:RenderShield3" for network base-sepolia...
Contract contracts/Renderers/RenderShield3.sol:RenderShield3 already verified on network base-sepolia:
  - https://sepolia.basescan.org/address/0xAf2815EA780d626ceBB7601cfb1371E986391DA1#code

Verifying contract "contracts/Renderers/RenderSpecial1.sol:RenderSpecial1" for network base-sepolia...
Contract contracts/Renderers/RenderSpecial1.sol:RenderSpecial1 already verified on network base-sepolia:
  - https://sepolia.basescan.org/address/0x72EFb12138e945A20cE64353b9676f72f8edc1c2#code

Verifying contract "contracts/Renderers/RenderSpecial2.sol:RenderSpecial2" for network base-sepolia...
Contract contracts/Renderers/RenderSpecial2.sol:RenderSpecial2 already verified on network base-sepolia:
  - https://sepolia.basescan.org/address/0x9Ba2E5429D4De9917d665DB5a5cef5E4E841DcC5#code

Verifying contract "contracts/Renderers/RenderSpecial3.sol:RenderSpecial3" for network base-sepolia...
Contract contracts/Renderers/RenderSpecial3.sol:RenderSpecial3 already verified on network base-sepolia:
  - https://sepolia.basescan.org/address/0xbb7Ab84aFa55739b984FD2fBcd3AD06cEa7B5D35#code

Verifying contract "contracts/Renderers/RenderWeapon1.sol:RenderWeapon1" for network base-sepolia...
Contract contracts/Renderers/RenderWeapon1.sol:RenderWeapon1 already verified on network base-sepolia:
  - https://sepolia.basescan.org/address/0x78822C110dEe33d2Ca1181eAE94B0103b68a7D7A#code

Verifying contract "contracts/Renderers/RenderWeapon2.sol:RenderWeapon2" for network base-sepolia...
Contract contracts/Renderers/RenderWeapon2.sol:RenderWeapon2 already verified on network base-sepolia:
  - https://sepolia.basescan.org/address/0x35B7Bb607B0EE60A8B54A87Af26C49CD490E22cF#code

Verifying contract "contracts/Renderers/RenderWeapon3.sol:RenderWeapon3" for network base-sepolia...
Contract contracts/Renderers/RenderWeapon3.sol:RenderWeapon3 already verified on network base-sepolia:
  - https://sepolia.basescan.org/address/0x0BE144Abaf17b0c04AA08D368AF689968Ce9AB9a#code

Verifying contract "contracts/Renderers/RenderWeapon4.sol:RenderWeapon4" for network base-sepolia...
Contract contracts/Renderers/RenderWeapon4.sol:RenderWeapon4 already verified on network base-sepolia:
  - https://sepolia.basescan.org/address/0xEB62CcaE3c42c520B488C04934f88Bff75153C17#code

Verifying contract "contracts/SpecialEffectsLib.sol:SpecialEffectsLib" for network base-sepolia...
Successfully verified contract "contracts/SpecialEffectsLib.sol:SpecialEffectsLib" for network base-sepolia:
  - https://sepolia.basescan.org/address/0xBf4146e59D874110381B607374944Fca35c2B44A#code

Verifying contract "contracts/UniversalCredits.sol:UniversalCredits" for network base-sepolia...
Contract contracts/UniversalCredits.sol:UniversalCredits already verified on network base-sepolia:
  - https://sepolia.basescan.org/address/0x1FF019250897c5Be0a9Fea02A1C68e2a7d42Abb6#code

Verifying contract "contracts/AIEncounters.sol:AIEncounters" for network base-sepolia...
Successfully verified contract "contracts/AIEncounters.sol:AIEncounters" for network base-sepolia:
  - https://sepolia.basescan.org/address/0x958BAA349bB92DF8a049ABE4Ff89B4D7fCdDc5A0#code

Verifying contract "contracts/DroneStorefront.sol:DroneStorefront" for network base-sepolia...
Successfully verified contract "contracts/DroneStorefront.sol:DroneStorefront" for network base-sepolia:
  - https://sepolia.basescan.org/address/0x43749d6eBC8420Cc1B6485D5346925ec4E5c230d#code

Verifying contract "contracts/GameBlobRegistry.sol:GameBlobRegistry" for network base-sepolia...
Successfully verified contract "contracts/GameBlobRegistry.sol:GameBlobRegistry" for network base-sepolia:
  - https://sepolia.basescan.org/address/0x3AE5bab82e461F94b339C89fE099224abFA4e161#code

Verifying contract "contracts/NodeMap.sol:NodeMap" for network base-sepolia...
Successfully verified contract "contracts/NodeMap.sol:NodeMap" for network base-sepolia:
  - https://sepolia.basescan.org/address/0xE564AB0118E11E4C92cdf200ef299483623C98Fd#code

Verifying contract "contracts/Renderers/RenderAft.sol:RenderAft" for network base-sepolia...
Successfully verified contract "contracts/Renderers/RenderAft.sol:RenderAft" for network base-sepolia:
  - https://sepolia.basescan.org/address/0xeb4BE7692196d03FEA974DD36f4625baB2c459D0#code

Verifying contract "contracts/Renderers/RenderBody.sol:RenderBody" for network base-sepolia...
Successfully verified contract "contracts/Renderers/RenderBody.sol:RenderBody" for network base-sepolia:
  - https://sepolia.basescan.org/address/0xf9E7AffE49D3c4F162D405344f7B4F9cDE72AA43#code

Verifying contract "contracts/Renderers/RenderFore.sol:RenderFore" for network base-sepolia...
Successfully verified contract "contracts/Renderers/RenderFore.sol:RenderFore" for network base-sepolia:
  - https://sepolia.basescan.org/address/0x9E6cd71c2c51701734633a537c35C4BC506B0D21#code

Verifying contract "contracts/Renderers/RenderSpecial.sol:RenderSpecial" for network base-sepolia...
Successfully verified contract "contracts/Renderers/RenderSpecial.sol:RenderSpecial" for network base-sepolia:
  - https://sepolia.basescan.org/address/0x155Ec595B9cc113B9268B9BDC71CE43Bb6008B06#code

Verifying contract "contracts/Renderers/RenderWeapon.sol:RenderWeapon" for network base-sepolia...
Successfully verified contract "contracts/Renderers/RenderWeapon.sol:RenderWeapon" for network base-sepolia:
  - https://sepolia.basescan.org/address/0xCE3a742225F960Af8B970420E07513Cb9C61Cf34#code

Verifying contract "contracts/ImageRenderer.sol:ImageRenderer" for network base-sepolia...
Successfully verified contract "contracts/ImageRenderer.sol:ImageRenderer" for network base-sepolia:
  - https://sepolia.basescan.org/address/0x41dd897FC2C1a1646fFFc879FA58bEAF34a89688#code

Verifying contract "contracts/RenderMetadata.sol:RenderMetadata" for network base-sepolia...
Successfully verified contract "contracts/RenderMetadata.sol:RenderMetadata" for network base-sepolia:
  - https://sepolia.basescan.org/address/0xE4bb9C30B1D29bbc58E3276BE4aF1f013ECfF245#code

Verifying contract "contracts/Ships.sol:Ships" for network base-sepolia...
Successfully verified contract "contracts/Ships.sol:Ships" for network base-sepolia:
  - https://sepolia.basescan.org/address/0x08eb5A1087CfF02aF4b36F390c903C7839a9AB33#code

Verifying contract "contracts/Lobbies.sol:Lobbies" for network base-sepolia...
Successfully verified contract "contracts/Lobbies.sol:Lobbies" for network base-sepolia:
  - https://sepolia.basescan.org/address/0xf8E367648425241b0728F3138dC2e8bBD1794E57#code

Verifying contract "contracts/ShipAttributes.sol:ShipAttributes" for network base-sepolia...
Successfully verified contract "contracts/ShipAttributes.sol:ShipAttributes" for network base-sepolia:
  - https://sepolia.basescan.org/address/0x3b2c7C8e2D1e64CCEd3A498c4aacf1c5D018DAB4#code

Verifying contract "contracts/ShipPurchaser.sol:ShipPurchaser" for network base-sepolia...
Successfully verified contract "contracts/ShipPurchaser.sol:ShipPurchaser" for network base-sepolia:
  - https://sepolia.basescan.org/address/0x9E1679aFf85e4af1187DBc76529cd5d0142f4935#code

Verifying contract "contracts/ShipsRouter.sol:ShipsRouter" for network base-sepolia...
Successfully verified contract "contracts/ShipsRouter.sol:ShipsRouter" for network base-sepolia:
  - https://sepolia.basescan.org/address/0x51F91ff6857dA5C148c97a00503B0ba148C5541E#code

Verifying contract "contracts/TutorialClaim.sol:TutorialClaim" for network base-sepolia...
Successfully verified contract "contracts/TutorialClaim.sol:TutorialClaim" for network base-sepolia:
  - https://sepolia.basescan.org/address/0xCa8855C7C124D475E30f31B0c28290720FdF80Ea#code

Verifying contract "contracts/DroneYard.sol:DroneYard" for network base-sepolia...
Successfully verified contract "contracts/DroneYard.sol:DroneYard" for network base-sepolia:
  - https://sepolia.basescan.org/address/0x9AA7d2f7c07B642B168e6fC95EbC31940514dfe4#code

Verifying contract "contracts/Fleets.sol:Fleets" for network base-sepolia...
Successfully verified contract "contracts/Fleets.sol:Fleets" for network base-sepolia:
  - https://sepolia.basescan.org/address/0xD525Bb82864241fdB11C5CB20f65E86EE26B058B#code

Verifying contract "contracts/Game.sol:Game" for network base-sepolia...
Successfully verified contract "contracts/Game.sol:Game" for network base-sepolia:
  - https://sepolia.basescan.org/address/0x22c46bCd29c81aC2cF02b795aa04d48A4Cdd0ACB#code

Verifying contract "contracts/PvPMatch.sol:PvPMatch" for network base-sepolia...
Successfully verified contract "contracts/PvPMatch.sol:PvPMatch" for network base-sepolia:
  - https://sepolia.basescan.org/address/0x13892bcCc46eD27cb1b4C78AA0f09959097C0863#code

Verifying contract "contracts/RamResolver.sol:RamResolver" for network base-sepolia...
Contract contracts/RamResolver.sol:RamResolver already verified on network base-sepolia:
  - https://sepolia.basescan.org/address/0x5e86b7a73447B5B56Ca3f80e62653391dEF5778d#code

Verifying contract "contracts/SinglePlayerMatch.sol:SinglePlayerMatch" for network base-sepolia...
Successfully verified contract "contracts/SinglePlayerMatch.sol:SinglePlayerMatch" for network base-sepolia:
  - https://sepolia.basescan.org/address/0xEc7E333564d4309fcB19E4066815c82eE2e91Aeb#code

Verifying contract "contracts/Tournament.sol:Tournament" for network base-sepolia...
Successfully verified contract "contracts/Tournament.sol:Tournament" for network base-sepolia:
  - https://sepolia.basescan.org/address/0x08a41eAd1F22A4D6B95817290f0BF326780C1165#code

